,Week,Name,Team,Opponent,Fanduel_Points,Fanduel_Price,Home
0,1,"Wilson, Russell",sea, atl,31.78,8400.0,Away
1,1,"Rodgers, Aaron",gnb, min,30.76,7600.0,Away
2,1,"Allen, Josh",buf,nyj,28.18,7900.0,Home
3,1,"Jackson, Lamar",bal,cle,27.5,9300.0,Home
4,1,"Murray, Kyler",ari, sfo,27.3,7700.0,Away
5,1,"Newton, Cam",nwe,mia,25.7,7400.0,Home
6,1,"Ryan, Matt",atl,sea,24.9,7800.0,Home
7,1,"Trubisky, Mitchell",chi, det,24.28,6900.0,Away
8,1,"Cousins, Kirk",min,gnb,22.76,7200.0,Home
9,1,"Brady, Tom",tam, nor,22.46,7500.0,Away
10,1,"Roethlisberger, Ben",pit, nyg,22.06,7800.0,Away
11,1,"Watson, Deshaun",hou, kan,21.82,8200.0,Away
12,1,"Minshew, Gardner",jac,ind,20.82,6700.0,Home
13,1,"Mahomes II, Patrick",kan,hou,20.44,9500.0,Home
14,1,"Bridgewater, Teddy",car,lvr,19.4,6800.0,Home
15,1,"Tannehill, Ryan",ten, den,19.36,7000.0,Away
16,1,"Jones, Daniel",nyg,pit,19.36,7200.0,Home
17,1,"Garoppolo, Jimmy",sfo,ari,19.26,7300.0,Home
18,1,"Prescott, Dak",dal, lar,17.64,8400.0,Away
19,1,"Burrow, Joe",cin,lac,17.32,6600.0,Home
20,1,"Stafford, Matthew",det,chi,17.18,7300.0,Home
21,1,"Rivers, Philip",ind, jac,16.82,7200.0,Away
22,1,"Wentz, Carson",phi, was,15.0,7700.0,Away
23,1,"Brees, Drew",nor,tam,14.4,8100.0,Home
24,1,"Carr, Derek",lvr, car,13.56,7100.0,Away
25,1,"Lock, Drew",den,ten,13.14,6700.0,Home
26,1,"Haskins, Dwayne",was,phi,12.82,6500.0,Home
27,1,"Darnold, Sam",nyj, buf,12.2,6800.0,Away
28,1,"Goff, Jared",lar,dal,11.5,7400.0,Home
29,1,"Mayfield, Baker",cle, bal,10.86,7000.0,Away
30,1,"Taylor, Tyrod",lac, cin,9.02,7000.0,Away
31,1,"Fitzpatrick, Ryan",mia, nwe,8.44,6400.0,Away
32,1,"Streveler, Chris",ari, sfo,0.3,6000.0,Away
33,1,"Griffin III, Robert",bal,cle,0.26,6000.0,Home
34,1,"Hoyer, Brian",nwe,mia,0.0,6000.0,Home
35,1,"Tagovailoa, Tua",mia, nwe,0.0,6200.0,Away
36,1,"Brissett, Jacoby",ind, jac,0.0,6000.0,Away
37,1,"Boyle, Tim",gnb, min,-0.2,6000.0,Away
38,1,"Jacobs, Josh",lvr, car,33.9,8200.0,Away
39,1,"McCaffrey, Christian",car,lvr,26.9,10000.0,Home
40,1,"Elliott, Ezekiel",dal, lar,26.2,8700.0,Away
41,1,"Brown, Malcolm",lar,dal,24.5,5000.0,Home
42,1,"Hines, Nyheim",ind, jac,23.3,4900.0,Away
43,1,"Mostert, Raheem",sfo,ari,23.1,6200.0,Home
44,1,"Carson, Chris",sea, atl,21.6,7200.0,Away
45,1,"Cook, Dalvin",min,gnb,21.3,8700.0,Home
46,1,"Kamara, Alvin",nor,tam,21.2,8300.0,Home
47,1,"Edwards-Helaire, Clyde",kan,hou,19.8,7200.0,Home
48,1,"Johnson, David",hou, kan,18.4,6300.0,Away
49,1,"Jones, Aaron",gnb, min,15.6,7800.0,Away
50,1,"Barber, Peyton",was,phi,14.9,4900.0,Home
51,1,"Henry, Derrick",ten, den,14.6,8400.0,Away
52,1,"Dobbins, J.K.",bal,cle,14.2,5200.0,Home
53,1,"Gordon, Melvin",den,ten,14.1,6600.0,Home
54,1,"Drake, Kenyan",ari, sfo,13.5,6600.0,Away
55,1,"Peterson, Adrian",det,chi,12.9,5100.0,Home
56,1,"Gurley, Todd",atl,sea,12.7,7100.0,Home
57,1,"Kelley, Joshua",lac, cin,12.0,4500.0,Away
58,1,"Edmonds, Chase",ari, sfo,12.0,5000.0,Away
59,1,"McKinnon, Jerick",sfo,ari,11.9,5000.0,Home
60,1,"Taylor, Jonathan",ind, jac,11.9,5300.0,Away
61,1,"Snell, Benny",pit, nyg,11.3,4600.0,Away
62,1,"Moss, Zack",buf,nyj,10.2,4800.0,Home
63,1,"Hunt, Kareem",cle, bal,10.1,5800.0,Away
64,1,"Mattison, Alexander",min,gnb,10.0,4900.0,Home
65,1,"Swift, D'Andre",det,chi,9.8,5100.0,Home
66,1,"Michel, Sony",nwe,mia,9.7,6000.0,Home
67,1,"Barkley, Saquon",nyg,pit,9.6,9000.0,Home
68,1,"Robinson, James",jac,ind,9.5,4500.0,Home
69,1,"Jones, Ronald",tam, nor,9.2,5700.0,Away
70,1,"Adams, Josh",nyj, buf,9.2,4500.0,Away
71,1,"Ekeler, Austin",lac, cin,9.2,7700.0,Away
72,1,"Gaskin, Myles",mia, nwe,8.6,4600.0,Away
73,1,"Hyde, Carlos",sea, atl,8.3,5000.0,Away
74,1,"Montgomery, David",chi, det,7.9,5900.0,Away
75,1,"Singletary, Devin",buf,nyj,7.8,6300.0,Home
76,1,"Mack, Marlon",ind, jac,7.1,6100.0,Away
77,1,"White, James",nwe,mia,6.7,5300.0,Home
78,1,"Howard, Jordan",mia, nwe,6.7,5500.0,Away
79,1,"Booker, Devontae",lvr, car,6.7,4600.0,Away
80,1,"Scott, Boston",phi, was,6.4,4900.0,Away
81,1,"Williams, Jamaal",gnb, min,6.2,4900.0,Away
82,1,"Cohen, Tarik",chi, det,5.7,5200.0,Away
83,1,"Mixon, Joe",cin,lac,5.6,7300.0,Home
84,1,"Bell, Le'Veon",nyj, buf,5.6,6500.0,Away
85,1,"Gibson, Antonio",was,phi,5.4,4600.0,Home
86,1,"Juszczyk, Kyle",sfo,ari,5.3,4600.0,Home
87,1,"Chubb, Nick",cle, bal,5.1,7400.0,Away
88,1,"Ervin, Tyler",gnb, min,4.9,4600.0,Away
89,1,"Bernard, Giovani",cin,lac,4.8,4800.0,Home
90,1,"Murray, Latavius",nor,tam,4.8,5100.0,Home
91,1,"Akers, Cam",lar,dal,4.8,5800.0,Home
92,1,"Pollard, Tony",dal, lar,4.2,5100.0,Away
93,1,"Lindsay, Phillip",den,ten,4.0,5500.0,Home
94,1,"Williams, Darrel",kan,hou,4.0,4600.0,Home
95,1,"Taylor, J.J.",nwe,mia,3.7,4500.0,Home
96,1,"Burkhead, Rex",nwe,mia,3.2,5100.0,Home
97,1,"Clement, Corey",phi, was,3.1,4500.0,Away
98,1,"Hill, Brian",atl,sea,3.0,4800.0,Home
99,1,"Coleman, Tevin",sfo,ari,2.9,5400.0,Home
100,1,"Ingram, Mark",bal,cle,2.9,7000.0,Home
101,1,"Conner, James",pit, nyg,2.7,6800.0,Away
102,1,"Fournette, Leonard",tam, nor,2.4,6900.0,Away
103,1,"Gore, Frank",nyj, buf,2.4,4800.0,Away
104,1,"Breida, Matt",mia, nwe,2.2,5200.0,Away
105,1,"Smith, Ito",atl,sea,2.1,4900.0,Home
106,1,"Richard, Jalen",lvr, car,2.0,4800.0,Away
107,1,"Laird, Patrick",mia, nwe,1.9,4700.0,Away
108,1,"Gallman, Wayne",nyg,pit,1.9,4500.0,Home
109,1,"Edwards, Gus",bal,cle,1.7,4900.0,Home
110,1,"Freeman, Royce",den,ten,1.7,4800.0,Home
111,1,"Thompson, Chris",jac,ind,1.6,4900.0,Home
112,1,"Dillon, AJ",gnb, min,1.4,4700.0,Away
113,1,"Johnson, Kerryon",det,chi,1.4,5600.0,Home
114,1,"Johnson, Duke",hou, kan,1.4,5400.0,Away
115,1,"Homer, Travis",sea, atl,1.3,4600.0,Away
116,1,"Blasingame, Khari",ten, den,1.0,4500.0,Away
117,1,"Samuels, Jaylen",pit, nyg,0.8,4700.0,Away
118,1,"McCoy, LeSean",tam, nor,0.7,5300.0,Away
119,1,"Henderson, Darrell",lar,dal,0.6,5200.0,Home
120,1,"Johnson, D'Ernest",cle, bal,0.5,4500.0,Away
121,1,"Jackson, Justin",lac, cin,0.4,4500.0,Away
122,1,"McKissic, J.D.",was,phi,0.4,4600.0,Home
123,1,"Sherman, Anthony",kan,hou,0.2,4500.0,Home
124,1,"Lewis, Dion",nyg,pit,0.1,4800.0,Home
125,1,"Huntley, Jason",phi, was,0.1,4500.0,Away
126,1,"Armah, Alex",car,lvr,0.1,4500.0,Home
127,1,"Thompson, Darwin",kan,hou,0.0,4700.0,Home
128,1,"Boone, Mike",min,gnb,0.0,4600.0,Home
129,1,"Wilson Jr., Jeff",sfo,ari,0.0,4600.0,Home
130,1,"Burton, Michael",nor,tam,0.0,4500.0,Home
131,1,"Johnson, Jakob",nwe,mia,0.0,4500.0,Home
132,1,"Bellore, Nick",sea, atl,0.0,4500.0,Away
133,1,"Ham, C.J.",min,gnb,0.0,4500.0,Home
134,1,"Wilkins, Jordan",ind, jac,0.0,4600.0,Away
135,1,"Davis, Mike",car,lvr,0.0,4600.0,Home
136,1,"Nall, Ryan",chi, det,0.0,4500.0,Away
137,1,"Foster, D.J.",ari, sfo,0.0,4500.0,Away
138,1,"Cox, Chandler",mia, nwe,0.0,4500.0,Away
139,1,"Penny, Elijhaa",nyg,pit,0.0,4500.0,Home
140,1,"Abdullah, Ameer",min,gnb,0.0,4700.0,Home
141,1,"Perry, Senorise",ten, den,0.0,4500.0,Away
142,1,"Johnson, Ty",det,chi,0.0,4500.0,Home
143,1,"Howell, Buddy",hou, kan,0.0,4500.0,Away
144,1,"Watt, Derek",pit, nyg,0.0,4500.0,Away
145,1,"Smith, Keith",atl,sea,0.0,4500.0,Home
146,1,"McNichols, Jeremy",ten, den,0.0,4500.0,Away
147,1,"Jones, Taiwan",buf,nyj,0.0,4500.0,Home
148,1,"Perine, Samaje",cin,lac,0.0,4500.0,Home
149,1,"Janovich, Andy",cle, bal,0.0,4500.0,Away
150,1,"Ingold, Alec",lvr, car,0.0,4500.0,Away
151,1,"Cannon, Trenton",car,lvr,0.0,4500.0,Home
152,1,"Montgomery, Ty",nor,tam,-0.4,4600.0,Home
153,1,"Ricard, Patrick",bal,cle,-1.1,4500.0,Home
154,1,"Adams, Davante",gnb, min,34.6,8000.0,Away
155,1,"Ridley, Calvin",atl,sea,29.4,6600.0,Home
156,1,"Thielen, Adam",min,gnb,28.0,6800.0,Home
157,1,"Slayton, Darius",nyg,pit,25.2,5300.0,Home
158,1,"Anderson, Robby",car,lvr,22.5,5600.0,Home
159,1,"Hopkins, DeAndre",ari, sfo,22.1,7800.0,Away
160,1,"Smith-Schuster, JuJu",pit, nyg,21.9,7100.0,Away
161,1,"Crowder, Jamison",nyj, buf,21.0,6000.0,Away
162,1,"Jones, Julio",atl,sea,20.2,8200.0,Home
163,1,"Watkins, Sammy",kan,hou,18.0,5400.0,Home
164,1,"Valdes-Scantling, Marquez",gnb, min,17.6,4700.0,Away
165,1,"Metcalf, D.K.",sea, atl,17.5,6400.0,Away
166,1,"Lazard, Allen",gnb, min,16.2,5500.0,Away
167,1,"Brown, John",buf,nyj,16.0,6100.0,Home
168,1,"Gage, Russell",atl,sea,15.9,4800.0,Home
169,1,"Miller, Anthony",chi, det,15.6,5500.0,Away
170,1,"Fuller, Will",hou, kan,15.2,6000.0,Away
171,1,"Woods, Robert",lar,dal,14.9,6900.0,Home
172,1,"Snead, Willie",bal,cle,14.4,5100.0,Home
173,1,"Davis, Corey",ten, den,13.6,5000.0,Away
174,1,"Lockett, Tyler",sea, atl,13.2,6800.0,Away
175,1,"Cole, Keelan",jac,ind,13.2,4600.0,Home
176,1,"Cooper, Amari",dal, lar,13.1,7100.0,Away
177,1,"Hill, Tyreek",kan,hou,13.1,8100.0,Home
178,1,"Brown, Marquise",bal,cle,12.6,5800.0,Home
179,1,"Diggs, Stefon",buf,nyj,12.6,6600.0,Home
180,1,"Shenault Jr., Laviska",jac,ind,12.2,4600.0,Home
181,1,"Campbell, Parris",ind, jac,11.0,5100.0,Away
182,1,"Godwin, Chris",tam, nor,10.9,7700.0,Away
183,1,"Amendola, Danny",det,chi,10.6,5100.0,Home
184,1,"Edelman, Julian",nwe,mia,10.5,6700.0,Home
185,1,"Miller, Scott",tam, nor,10.4,4500.0,Away
186,1,"Washington, James",pit, nyg,10.4,5100.0,Away
187,1,"Chark, D.J.",jac,ind,10.0,6600.0,Home
188,1,"Robinson, Allen",chi, det,9.8,7200.0,Away
189,1,"Sanders, Emmanuel",nor,tam,9.0,5400.0,Home
190,1,"Williams, Mike",lac, cin,8.9,5900.0,Away
191,1,"Agholor, Nelson",lvr, car,8.8,4900.0,Away
192,1,"Landry, Jarvis",cle, bal,8.6,6300.0,Away
193,1,"McLaurin, Terry",was,phi,8.6,6500.0,Home
194,1,"Lamb, CeeDee",dal, lar,8.4,5200.0,Away
195,1,"Ruggs III, Henry",lvr, car,8.1,5100.0,Away
196,1,"Beasley, Cole",buf,nyj,7.8,5400.0,Home
197,1,"Shepard, Sterling",nyg,pit,7.7,5700.0,Home
198,1,"Humphries, Adam",ten, den,7.7,4900.0,Away
199,1,"Green, A.J.",cin,lac,7.6,6200.0,Home
200,1,"Jeudy, Jerry",den,ten,7.6,5200.0,Home
201,1,"Jones, Marvin",det,chi,7.5,6200.0,Home
202,1,"Moore, D.J.",car,lvr,7.4,7100.0,Home
203,1,"Hilton, T.Y.",ind, jac,7.3,6500.0,Away
204,1,"Johnson, Olabisi",min,gnb,7.1,4900.0,Home
205,1,"Samuel, Curtis",car,lvr,6.8,5400.0,Home
206,1,"Evans, Mike",tam, nor,6.7,7500.0,Away
207,1,"Parker, DeVante",mia, nwe,6.7,6700.0,Away
208,1,"Johnson, Diontae",pit, nyg,6.7,5900.0,Away
209,1,"Wims, Javon",chi, det,6.6,4600.0,Away
210,1,"Sims Jr., Steven",was,phi,6.5,5100.0,Home
211,1,"Gallup, Michael",dal, lar,6.5,6200.0,Away
212,1,"Brown, A.J.",ten, den,6.4,6700.0,Away
213,1,"Reagor, Jalen",phi, was,6.0,5000.0,Away
214,1,"Kupp, Cooper",lar,dal,6.0,7200.0,Home
215,1,"Cephus, Quintez",det,chi,5.8,4500.0,Home
216,1,"Allen, Keenan",lac, cin,5.7,7000.0,Away
217,1,"Claypool, Chase",pit, nyg,5.7,4500.0,Away
218,1,"Jackson, DeSean",phi, was,5.6,5600.0,Away
219,1,"Ward, Greg",phi, was,5.6,4900.0,Away
220,1,"Moore, David",sea, atl,5.5,4900.0,Away
221,1,"Fitzgerald, Larry",ari, sfo,5.4,5300.0,Away
222,1,"Boyd, Tyler",cin,lac,5.3,6100.0,Home
223,1,"Mooney, Darnell",chi, det,5.3,4500.0,Away
224,1,"Boykin, Miles",bal,cle,5.2,4900.0,Home
225,1,"Williams, Preston",mia, nwe,5.1,5300.0,Away
226,1,"Patrick, Tim",den,ten,4.9,4600.0,Home
227,1,"Bourne, Kendrick",sfo,ari,4.4,5700.0,Home
228,1,"Harry, N'Keal",nwe,mia,4.4,5100.0,Home
229,1,"Grant, Jakeem",mia, nwe,4.0,4500.0,Away
230,1,"Beckham Jr., Odell",cle, bal,3.7,6900.0,Away
231,1,"Patterson, Cordarrelle",chi, det,3.6,5000.0,Away
232,1,"Jefferson, Justin",min,gnb,3.6,5000.0,Home
233,1,"Jefferson, Van",lar,dal,3.6,4600.0,Home
234,1,"Robinson, Demarcus",kan,hou,3.5,4600.0,Home
235,1,"Cobb, Randall",hou, kan,3.3,5000.0,Away
236,1,"Thomas, Michael",nor,tam,3.2,8800.0,Home
237,1,"Perriman, Breshad",nyj, buf,3.2,5700.0,Away
238,1,"McKenzie, Isaiah",buf,nyj,3.2,4600.0,Home
239,1,"Renfrow, Hunter",lvr, car,3.1,5200.0,Away
240,1,"Inman, Dontrelle",was,phi,3.1,4500.0,Home
241,1,"Harris, Deonte",nor,tam,3.1,4600.0,Home
242,1,"Hall, Marvin",det,chi,3.1,4700.0,Home
243,1,"Cooks, Brandin",hou, kan,3.0,5700.0,Away
244,1,"Pascal, Zach",ind, jac,2.8,5200.0,Away
245,1,"Board, C.J.",nyg,pit,2.7,4500.0,Home
246,1,"Ross, John",cin,lac,2.7,5100.0,Home
247,1,"Thomas, Mike",cin,lac,2.7,4500.0,Home
248,1,"Davis, Gabriel",buf,nyj,2.6,4500.0,Home
249,1,"Hamilton, DaeSean",den,ten,2.3,4800.0,Home
250,1,"Ford, Isaiah",mia, nwe,2.3,4600.0,Away
251,1,"Swain, Freddie",sea, atl,2.2,4500.0,Away
252,1,"Reynolds, Josh",lar,dal,2.2,4800.0,Home
253,1,"Guyton, Jalen",lac, cin,2.1,4500.0,Away
254,1,"Pittman Jr., Michael",ind, jac,2.0,4900.0,Away
255,1,"Johnson, Collin",jac,ind,1.9,4500.0,Home
256,1,"Taylor, Trent",sfo,ari,1.7,4700.0,Home
257,1,"Hodge, KhaDarel",cle, bal,1.7,4700.0,Away
258,1,"Duvernay, Devin",bal,cle,1.7,4700.0,Home
259,1,"Edwards, Bryan",lvr, car,1.4,4500.0,Away
260,1,"Higgins, Rashard",cle, bal,1.4,4600.0,Away
261,1,"Carter, DeAndre",hou, kan,1.3,4600.0,Away
262,1,"Cleveland, Tyrie",den,ten,1.2,4500.0,Home
263,1,"Conley, Chris",jac,ind,1.1,5100.0,Home
264,1,"Watson, Justin",tam, nor,1.1,4800.0,Away
265,1,"Hardman, Mecole",kan,hou,1.1,5000.0,Home
266,1,"Roberts, Seth",car,lvr,1.0,4700.0,Home
267,1,"Smith, Tre'Quan",nor,tam,0.9,4900.0,Home
268,1,"Hogan, Chris",nyj, buf,0.5,4600.0,Away
269,1,"Kirk, Christian",ari, sfo,0.5,5800.0,Away
270,1,"Hightower, John",phi, was,0.3,4500.0,Away
271,1,"Kemp, Marcus",kan,hou,0.0,4500.0,Home
272,1,"Sharpe, Tajae",min,gnb,0.0,4800.0,Home
273,1,"Hollins, Mack",mia, nwe,0.0,4500.0,Away
274,1,"Pringle, Byron",kan,hou,0.0,4500.0,Home
275,1,"Ginn Jr., Ted",chi, det,0.0,4900.0,Away
276,1,"Jones, Zay",lvr, car,0.0,4800.0,Away
277,1,"Zylstra, Brandon",car,lvr,0.0,4500.0,Home
278,1,"Fowler, Bennie",nor,tam,0.0,4700.0,Home
279,1,"Powell, Brandon",atl,sea,0.0,4500.0,Home
280,1,"Erickson, Alex",cin,lac,0.0,4600.0,Home
281,1,"Turner, Malik",dal, lar,0.0,4500.0,Away
282,1,"Byrd, Damiere",nwe,mia,0.0,4600.0,Home
283,1,"Sherfield, Trent",ari, sfo,0.0,4700.0,Away
284,1,"Osborn, K.J.",min,gnb,0.0,4500.0,Home
285,1,"Proche, James",bal,cle,0.0,4600.0,Home
286,1,"Malone, Josh",nyj, buf,0.0,4500.0,Away
287,1,"Cooper, Pharoh",car,lvr,0.0,4800.0,Home
288,1,"Wilson, Cedrick",dal, lar,0.0,4500.0,Away
289,1,"Berrios, Braxton",nyj, buf,0.0,4500.0,Away
290,1,"Higgins, Tee",cin,lac,0.0,4900.0,Home
291,1,"Natson, JoJo",cle, bal,0.0,4500.0,Away
292,1,"Spencer, Diontae",den,ten,0.0,4500.0,Home
293,1,"Brown, Noah",dal, lar,0.0,4500.0,Away
294,1,"Reed, Joe",lac, cin,0.0,4600.0,Away
295,1,"Tate, Auden",cin,lac,0.0,4500.0,Home
296,1,"Hollister, Cody",ten, den,0.0,4500.0,Away
297,1,"Roberts, Andre",buf,nyj,0.0,4500.0,Home
298,1,"Sims, Cam",was,phi,0.0,4500.0,Home
299,1,"Blake, Christian",atl,sea,0.0,4700.0,Home
300,1,"Zaccheaus, Olamide",atl,sea,0.0,4600.0,Home
301,1,"Slater, Matthew",nwe,mia,0.0,4500.0,Home
302,1,"Raymond, Kalif",ten, den,0.0,4600.0,Away
303,1,"Arcega-Whiteside, JJ",phi, was,0.0,5300.0,Away
304,1,"James, Richie",sfo,ari,0.0,4800.0,Home
305,1,"Isabella, Andy",ari, sfo,0.0,4600.0,Away
306,1,"Ratley, Damion",nyg,pit,0.0,4500.0,Home
307,1,"Meyers, Jakobi",nwe,mia,0.0,4700.0,Home
308,1,"Dulin, Ashton",ind, jac,0.0,4500.0,Away
309,1,"Webster, Nsimba",lar,dal,0.0,4500.0,Home
310,1,"Pettis, Dante",sfo,ari,0.0,5000.0,Home
311,1,"Stills, Kenny",hou, kan,0.0,4900.0,Away
312,1,"Andrews, Mark",bal,cle,20.3,7400.0,Home
313,1,"Goedert, Dallas",phi, was,20.1,5200.0,Away
314,1,"Fant, Noah",den,ten,16.6,5400.0,Home
315,1,"Hockenson, T.J.",det,chi,14.1,5300.0,Home
316,1,"Kelce, Travis",kan,hou,14.0,7800.0,Home
317,1,"Njoku, David",cle, bal,12.5,4400.0,Away
318,1,"Thomas, Logan",was,phi,11.7,4000.0,Home
319,1,"Smith, Jonnu",ten, den,11.6,4900.0,Away
320,1,"Howard, O.J.",tam, nor,11.6,4700.0,Away
321,1,"Akins, Jordan",hou, kan,10.9,4300.0,Away
322,1,"Cook, Jared",nor,tam,10.5,5900.0,Home
323,1,"Olsen, Greg",sea, atl,10.4,4900.0,Away
324,1,"Graham, Jimmy",chi, det,10.0,5000.0,Away
325,1,"Henry, Hunter",lac, cin,9.8,6000.0,Away
326,1,"Ertz, Zach",phi, was,9.3,6700.0,Away
327,1,"Waller, Darren",lvr, car,7.5,6900.0,Away
328,1,"Kittle, George",sfo,ari,7.3,8000.0,Home
329,1,"Pruitt, MyCole",ten, den,6.6,4100.0,Away
330,1,"Uzomah, C.J.",cin,lac,6.5,4600.0,Home
331,1,"Doyle, Jack",ind, jac,6.4,5300.0,Away
332,1,"Higbee, Tyler",lar,dal,5.5,5800.0,Home
333,1,"Hurst, Hayden",atl,sea,5.3,5300.0,Home
334,1,"Hill, Taysom",nor,tam,4.72,5000.0,Home
335,1,"Herndon, Chris",nyj, buf,4.7,4700.0,Away
336,1,"Gesicki, Mike",mia, nwe,4.5,5400.0,Away
337,1,"Rudolph, Kyle",min,gnb,3.8,5200.0,Home
338,1,"Knox, Dawson",buf,nyj,3.6,4700.0,Home
339,1,"Arnold, Dan",ari, sfo,3.1,4200.0,Away
340,1,"Izzo, Ryan",nwe,mia,3.0,4000.0,Home
341,1,"Alie-Cox, Mo",ind, jac,3.0,4000.0,Away
342,1,"Fells, Darren",hou, kan,2.9,4500.0,Away
343,1,"Smith, Kaden",nyg,pit,2.7,4300.0,Home
344,1,"Thomas, Ian",car,lvr,2.6,5100.0,Home
345,1,"Hooper, Austin",cle, bal,2.5,5700.0,Away
346,1,"Ebron, Eric",pit, nyg,2.3,5000.0,Away
347,1,"Reed, Jordan",sfo,ari,2.2,4000.0,Home
348,1,"Gronkowski, Rob",tam, nor,2.1,5500.0,Away
349,1,"Engram, Evan",nyg,pit,1.9,6300.0,Home
350,1,"Dissly, Will",sea, atl,1.8,4900.0,Away
351,1,"Toilolo, Levine",nyg,pit,1.8,4000.0,Home
352,1,"Jarwin, Blake",dal, lar,1.7,5300.0,Away
353,1,"Deguara, Josiah",gnb, min,1.7,4000.0,Away
354,1,"Schultz, Dalton",dal, lar,1.6,4000.0,Away
355,1,"Smith Jr., Irv",min,gnb,1.6,4800.0,Home
356,1,"Firkser, Anthony",ten, den,1.5,4200.0,Away
357,1,"Green, Virgil",lac, cin,1.5,4100.0,Away
358,1,"Hollister, Jacob",sea, atl,1.4,4200.0,Away
359,1,"Eifert, Tyler",jac,ind,1.3,4600.0,Home
360,1,"Boyle, Nick",bal,cle,1.3,4600.0,Home
361,1,"Everett, Gerald",lar,dal,1.2,4600.0,Home
362,1,"Sample, Drew",cin,lac,1.2,4200.0,Home
363,1,"Bryant, Harrison",cle, bal,1.0,4000.0,Away
364,1,"Manhertz, Chris",car,lvr,0.9,4100.0,Home
365,1,"McDonald, Vance",pit, nyg,0.8,4400.0,Away
366,1,"Witten, Jason",lvr, car,0.7,4500.0,Away
367,1,"Butt, Jake",den,ten,0.5,4000.0,Home
368,1,"O'Shaughnessy, James",jac,ind,0.5,4000.0,Home
369,1,"Sprinkle, Jeremy",was,phi,0.0,4300.0,Home
370,1,"Rodgers, Richard",phi, was,0.0,4000.0,Away
371,1,"Graham, Jaeden",atl,sea,0.0,4200.0,Home
372,1,"James, Jesse",det,chi,0.0,4400.0,Home
373,1,"Beck, Andrew",den,ten,0.0,4000.0,Home
374,1,"Tonyan, Robert",gnb, min,0.0,4200.0,Away
375,1,"Auclair, Antony",tam, nor,0.0,4000.0,Away
376,1,"Lewis, Marcedes",gnb, min,0.0,4300.0,Away
377,1,"Carter, Cethan",cin,lac,0.0,4000.0,Home
378,1,"Shaheen, Adam",mia, nwe,0.0,4000.0,Away
379,1,"Kmet, Cole",chi, det,0.0,4500.0,Away
380,1,"Tomlinson, Eric",nyg,pit,0.0,4000.0,Home
381,1,"Carrier, Derek",lvr, car,0.0,4000.0,Away
382,1,"Harris, Demetrius",chi, det,0.0,4200.0,Away
383,1,"Mundt, Johnny",lar,dal,0.0,4000.0,Home
384,1,"Moreau, Foster",lvr, car,0.0,4100.0,Away
385,1,"Holtz, J.P.",chi, det,0.0,4000.0,Away
386,1,"Willson, Luke",sea, atl,0.0,4100.0,Away
387,1,"Asiasi, Devin",nwe,mia,0.0,4100.0,Home
388,1,"Griffin, Ryan",nyj, buf,0.0,4300.0,Away
389,1,"Kroft, Tyler",buf,nyj,0.0,4300.0,Home
390,1,"Bell, Blake",dal, lar,0.0,4000.0,Away
391,1,"Daniels, Darrell",ari, sfo,0.0,4000.0,Away
392,1,"Anderson, Stephen",lac, cin,0.0,4000.0,Away
393,1,"Hill, Josh",nor,tam,0.0,4200.0,Home
394,1,"Stocker, Luke",atl,sea,0.0,4000.0,Home
395,1,"Brown, Daniel",nyj, buf,0.0,4000.0,Away
396,1,"Carlson, Stephen",cle, bal,0.0,4000.0,Away
397,1,"Sternberger, Jace",gnb, min,0.0,4100.0,Away
398,1,"Williams, Maxx",ari, sfo,0.0,4400.0,Away
399,1,"Smythe, Durham",mia, nwe,0.0,4100.0,Away
400,1,"Conklin, Tyler",min,gnb,0.0,4000.0,Home
401,1,"Brate, Cameron",tam, nor,0.0,4400.0,Away
402,1,"Wesco, Trevon",nyj, buf,0.0,4000.0,Away
403,1,"Dwelley, Ross",sfo,ari,0.0,4200.0,Home
404,1,"Vannett, Nick",den,ten,-0.1,4000.0,Home
405,1,New Orleans,nor,tam,17.0,4100.0,Home
406,1,Washington,was,phi,15.0,3400.0,Home
407,1,Baltimore,bal,cle,15.0,4800.0,Home
408,1,New England,nwe,mia,11.0,4600.0,Home
409,1,LA Chargers,lac, cin,11.0,4200.0,Away
410,1,Buffalo,buf,nyj,8.0,4700.0,Home
411,1,Pittsburgh,pit, nyg,8.0,4800.0,Away
412,1,New York J,nyj, buf,7.0,3900.0,Away
413,1,Kansas City,kan,hou,7.0,4200.0,Home
414,1,Jacksonville,jac,ind,6.0,3500.0,Home
415,1,Seattle,sea, atl,6.0,4000.0,Away
416,1,Arizona,ari, sfo,6.0,3300.0,Away
417,1,Green Bay,gnb, min,5.0,3900.0,Away
418,1,Denver,den,ten,4.0,4500.0,Home
419,1,Dallas,dal, lar,4.0,3800.0,Away
420,1,San Francisco,sfo,ari,4.0,5000.0,Home
421,1,Miami,mia, nwe,4.0,3500.0,Away
422,1,LA Rams,lar,dal,4.0,3700.0,Home
423,1,New York G,nyg,pit,4.0,3400.0,Home
424,1,Indianapolis,ind, jac,4.0,3700.0,Away
425,1,Philadelphia,phi, was,3.0,4500.0,Away
426,1,Cincinnati,cin,lac,3.0,3600.0,Home
427,1,Chicago,chi, det,3.0,4400.0,Away
428,1,Tennessee,ten, den,3.0,4000.0,Away
429,1,Detroit,det,chi,1.0,3700.0,Home
430,1,Las Vegas,lvr, car,0.0,3200.0,Away
431,1,Tampa Bay,tam, nor,0.0,3800.0,Away
432,1,Houston,hou, kan,0.0,3000.0,Away
433,1,Cleveland,cle, bal,0.0,3000.0,Away
434,1,Carolina,car,lvr,-1.0,3400.0,Home
435,1,Atlanta,atl,sea,-1.0,3600.0,Home
436,1,Minnesota,min,gnb,-4.0,4300.0,Home
437,2,"Prescott, Dak",dal,atl,39.8,8300.0,Home
438,2,"Newton, Cam",nwe, sea,35.58,7800.0,Away
439,2,"Allen, Josh",buf, mia,34.48,8200.0,Away
440,2,"Wilson, Russell",sea,nwe,34.42,8100.0,Home
441,2,"Murray, Kyler",ari,was,33.14,8000.0,Home
442,2,"Ryan, Matt",atl, dal,28.52,7700.0,Away
443,2,"Mahomes II, Patrick",kan, lac,27.48,9000.0,Away
444,2,"Tannehill, Ryan",ten,jac,26.76,7000.0,Home
445,2,"Minshew, Gardner",jac, ten,25.46,7000.0,Away
446,2,"Burrow, Joe",cin, cle,24.54,6800.0,Away
447,2,"Fitzpatrick, Ryan",mia,buf,24.32,6500.0,Home
448,2,"Goff, Jared",lar, phi,23.98,7300.0,Away
449,2,"Herbert, Justin",lac,kan,23.24,6100.0,Home
450,2,"Carr, Derek",lvr,nor,21.58,6800.0,Home
451,2,"Driskel, Jeff",den, pit,19.74,6000.0,Away
452,2,"Roethlisberger, Ben",pit,den,19.24,7500.0,Home
453,2,"Rodgers, Aaron",gnb,det,18.7,7900.0,Home
454,2,"Jackson, Lamar",bal, hou,17.56,9500.0,Away
455,2,"Stafford, Matthew",det, gnb,17.16,7200.0,Away
456,2,"Mayfield, Baker",cle,cin,16.26,6900.0,Home
457,2,"Watson, Deshaun",hou,bal,15.7,7900.0,Home
458,2,"Brees, Drew",nor, lvr,15.48,8200.0,Away
459,2,"Trubisky, Mitchell",chi,nyg,15.2,7200.0,Home
460,2,"Wentz, Carson",phi,lar,14.38,7300.0,Home
461,2,"Garoppolo, Jimmy",sfo, nyj,13.24,7100.0,Away
462,2,"Rivers, Philip",ind,min,11.86,7100.0,Home
463,2,"Darnold, Sam",nyj,sfo,11.86,6600.0,Home
464,2,"Haskins, Dwayne",was, ari,11.72,6500.0,Away
465,2,"Bridgewater, Teddy",car, tam,10.68,6900.0,Away
466,2,"Brady, Tom",tam,car,9.68,7600.0,Home
467,2,"Jones, Daniel",nyg, chi,8.74,6900.0,Away
468,2,"Mullens, Nick",sfo, nyj,1.64,6000.0,Away
469,2,"Cousins, Kirk",min, ind,1.52,7400.0,Away
470,2,"Streveler, Chris",ari,was,0.0,6000.0,Home
471,2,"Dalton, Andy",dal,atl,0.0,6000.0,Home
472,2,"Boyle, Tim",gnb,det,-0.1,6000.0,Home
473,2,"Lock, Drew",den, pit,-1.2,6700.0,Away
474,2,"Jones, Aaron",gnb,det,43.6,7700.0,Home
475,2,"Kamara, Alvin",nor, lvr,33.9,8500.0,Away
476,2,"Chubb, Nick",cle,cin,25.8,7200.0,Home
477,2,"Fournette, Leonard",tam,car,25.6,6000.0,Home
478,2,"Hunt, Kareem",cle,cin,23.1,5800.0,Home
479,2,"McCaffrey, Christian",car, tam,22.8,10500.0,Away
480,2,"Montgomery, David",chi,nyg,20.2,5600.0,Home
481,2,"Robinson, James",jac, ten,19.5,5300.0,Away
482,2,"Elliott, Ezekiel",dal,atl,19.2,8600.0,Home
483,2,"Conner, James",pit,den,19.1,6900.0,Home
484,2,"Henderson, Darrell",lar, phi,19.1,4900.0,Away
485,2,"Sanders, Miles",phi,lar,18.6,6800.0,Home
486,2,"Carson, Chris",sea,nwe,18.3,7300.0,Home
487,2,"Taylor, Jonathan",ind,min,18.0,5800.0,Home
488,2,"Mostert, Raheem",sfo, nyj,17.7,6500.0,Away
489,2,"Ekeler, Austin",lac,kan,16.8,6900.0,Home
490,2,"Cook, Dalvin",min, ind,16.1,8800.0,Away
491,2,"Gordon, Melvin",den, pit,15.4,6700.0,Away
492,2,"Ingram, Mark",bal, hou,14.7,6200.0,Away
493,2,"McKinnon, Jerick",sfo, nyj,13.7,4900.0,Away
494,2,"Lewis, Dion",nyg, chi,13.6,4700.0,Away
495,2,"Kelley, Joshua",lac,kan,12.3,5500.0,Home
496,2,"Jacobs, Josh",lvr,nor,12.0,8400.0,Home
497,2,"Gibson, Antonio",was, ari,11.7,5100.0,Away
498,2,"Davis, Mike",car, tam,11.5,4500.0,Away
499,2,"Gaskin, Myles",mia,buf,11.2,4900.0,Home
500,2,"Mixon, Joe",cin, cle,10.6,7000.0,Away
501,2,"Drake, Kenyan",ari,was,10.5,6600.0,Home
502,2,"Thompson, Chris",jac, ten,10.2,4700.0,Away
503,2,"Edwards-Helaire, Clyde",kan, lac,10.0,8000.0,Away
504,2,"Jones, Ronald",tam,car,9.7,5900.0,Home
505,2,"Swift, D'Andre",det, gnb,9.7,5200.0,Away
506,2,"Johnson, Kerryon",det, gnb,9.2,5000.0,Away
507,2,"Richard, Jalen",lvr,nor,8.6,4500.0,Home
508,2,"Singletary, Devin",buf, mia,8.6,6000.0,Away
509,2,"Henry, Derrick",ten,jac,8.4,8300.0,Home
510,2,"Williams, Jamaal",gnb,det,8.3,4800.0,Home
511,2,"Ingold, Alec",lvr,nor,7.5,4500.0,Home
512,2,"Edwards, Gus",bal, hou,7.3,4600.0,Away
513,2,"Burkhead, Rex",nwe, sea,6.9,4800.0,Away
514,2,"Johnson, Jakob",nwe, sea,6.6,4500.0,Away
515,2,"Dobbins, J.K.",bal, hou,6.6,5700.0,Away
516,2,"Gilliam, Reggie",buf, mia,6.6,4500.0,Away
517,2,"Ricard, Patrick",bal, hou,6.6,4500.0,Away
518,2,"Howard, Jordan",mia,buf,6.4,5100.0,Home
519,2,"Gore, Frank",nyj,sfo,6.3,5400.0,Home
520,2,"Gurley, Todd",atl, dal,6.1,7000.0,Away
521,2,"Johnson, David",hou,bal,6.0,7200.0,Home
522,2,"Scott, Boston",phi,lar,5.8,5300.0,Home
523,2,"McKissic, J.D.",was, ari,5.3,4600.0,Away
524,2,"Coleman, Tevin",sfo, nyj,5.0,5000.0,Away
525,2,"Bernard, Giovani",cin, cle,5.0,4800.0,Away
526,2,"Brown, Malcolm",lar, phi,4.7,5200.0,Away
527,2,"Hyde, Carlos",sea,nwe,4.7,5300.0,Home
528,2,"McCoy, LeSean",tam,car,4.6,4500.0,Home
529,2,"Breida, Matt",mia,buf,4.4,4800.0,Home
530,2,"Murray, Latavius",nor, lvr,4.3,5000.0,Away
531,2,"Peterson, Adrian",det, gnb,4.1,5500.0,Away
532,2,"Wilkins, Jordan",ind,min,4.0,4600.0,Home
533,2,"Moss, Zack",buf, mia,3.7,5200.0,Away
534,2,"Montgomery, Ty",nor, lvr,3.5,4500.0,Away
535,2,"Hill, Brian",atl, dal,3.5,4600.0,Away
536,2,"Cohen, Tarik",chi,nyg,3.2,5000.0,Home
537,2,"Edmonds, Chase",ari,was,2.8,5000.0,Home
538,2,"Barkley, Saquon",nyg, chi,2.8,9000.0,Away
539,2,"Ballage, Kalen",nyj,sfo,2.7,4500.0,Home
540,2,"Thompson, Darwin",kan, lac,2.1,4500.0,Away
541,2,"Mattison, Alexander",min, ind,2.1,4700.0,Away
542,2,"Homer, Travis",sea,nwe,2.1,4500.0,Home
543,2,"Smith, Ito",atl, dal,2.0,4600.0,Away
544,2,"Freeman, Royce",den, pit,2.0,4700.0,Away
545,2,"Michel, Sony",nwe, sea,1.9,5700.0,Away
546,2,"Armah, Alex",car, tam,1.9,4500.0,Away
547,2,"Dillon, AJ",gnb,det,1.7,4500.0,Home
548,2,"Perine, La'Mical",nyj,sfo,1.7,4500.0,Home
549,2,"Williams, Darrel",kan, lac,1.7,4800.0,Away
550,2,"Juszczyk, Kyle",sfo, nyj,1.6,4500.0,Away
551,2,"Pollard, Tony",dal,atl,1.4,4800.0,Home
552,2,"Akers, Cam",lar, phi,1.3,5600.0,Away
553,2,"Booker, Devontae",lvr,nor,1.0,4800.0,Home
554,2,"Hines, Nyheim",ind,min,0.9,5500.0,Home
555,2,"Samuels, Jaylen",pit,den,0.9,4600.0,Home
556,2,"Perry, Senorise",ten,jac,0.9,4500.0,Home
557,2,"Ervin, Tyler",gnb,det,0.9,4500.0,Home
558,2,"Smith, Keith",atl, dal,0.8,4500.0,Away
559,2,"Nall, Ryan",chi,nyg,0.7,4500.0,Home
560,2,"McNichols, Jeremy",ten,jac,0.7,4500.0,Home
561,2,"Janovich, Andy",cle,cin,0.5,4500.0,Home
562,2,"Ham, C.J.",min, ind,0.4,4500.0,Away
563,2,"Wilson Jr., Jeff",sfo, nyj,0.3,4500.0,Away
564,2,"Barber, Peyton",was, ari,0.1,5400.0,Away
565,2,"Boone, Mike",min, ind,0.0,4500.0,Away
566,2,"Burton, Michael",nor, lvr,0.0,4500.0,Away
567,2,"Bellore, Nick",sea,nwe,0.0,4500.0,Home
568,2,"Blasingame, Khari",ten,jac,0.0,4500.0,Home
569,2,"Gillaspia, Cullen",hou,bal,0.0,4500.0,Home
570,2,"Foster, D.J.",ari,was,0.0,4500.0,Home
571,2,"Cox, Chandler",mia,buf,0.0,4500.0,Home
572,2,"Penny, Elijhaa",nyg, chi,0.0,4500.0,Away
573,2,"Abdullah, Ameer",min, ind,0.0,4500.0,Away
574,2,"Johnson, Ty",det, gnb,0.0,4500.0,Away
575,2,"Sherman, Anthony",kan, lac,0.0,4500.0,Away
576,2,"Laird, Patrick",mia,buf,0.0,4500.0,Home
577,2,"Johnson, D'Ernest",cle,cin,0.0,4500.0,Home
578,2,"Howell, Buddy",hou,bal,0.0,4500.0,Home
579,2,"Watt, Derek",pit,den,0.0,4500.0,Home
580,2,"Ogunbowale, Dare",jac, ten,0.0,4600.0,Away
581,2,"Vaughn, Ke'Shawn",tam,car,0.0,4500.0,Home
582,2,"Adams, Josh",nyj,sfo,0.0,4900.0,Home
583,2,"Jones, Taiwan",buf, mia,0.0,4500.0,Away
584,2,"Prosise, C.J.",hou,bal,0.0,4600.0,Home
585,2,"Perine, Samaje",cin, cle,0.0,4500.0,Away
586,2,"Clement, Corey",phi,lar,0.0,4700.0,Home
587,2,"Cannon, Trenton",car, tam,0.0,4500.0,Away
588,2,"Taylor, J.J.",nwe, sea,-0.1,4600.0,Away
589,2,"Snell, Benny",pit,den,-1.4,4600.0,Home
590,2,"Ridley, Calvin",atl, dal,26.4,7100.0,Away
591,2,"Diggs, Stefon",buf, mia,25.3,6800.0,Away
592,2,"McLaurin, Terry",was, ari,22.0,6500.0,Away
593,2,"Edelman, Julian",nwe, sea,21.9,6600.0,Away
594,2,"Evans, Mike",tam,car,19.9,7400.0,Home
595,2,"Hill, Tyreek",kan, lac,19.3,8000.0,Away
596,2,"Johnson, Diontae",pit,den,19.2,5800.0,Home
597,2,"Metcalf, D.K.",sea,nwe,17.2,6500.0,Home
598,2,"Hopkins, DeAndre",ari,was,16.8,8300.0,Home
599,2,"Boyd, Tyler",cin, cle,16.7,5800.0,Away
600,2,"Claypool, Chase",pit,den,16.3,4500.0,Home
601,2,"Lockett, Tyler",sea,nwe,16.2,6800.0,Home
602,2,"Brown, John",buf, mia,16.2,6400.0,Away
603,2,"Moore, D.J.",car, tam,16.0,6800.0,Away
604,2,"Beckham Jr., Odell",cle,cin,15.4,6700.0,Home
605,2,"Berrios, Braxton",nyj,sfo,14.9,4500.0,Home
606,2,"Cole, Keelan",jac, ten,14.8,4800.0,Away
607,2,"Lamb, CeeDee",dal,atl,14.5,5200.0,Home
608,2,"Parker, DeVante",mia,buf,13.8,6500.0,Home
609,2,"Gage, Russell",atl, dal,13.6,5400.0,Away
610,2,"Anderson, Robby",car, tam,13.4,5900.0,Away
611,2,"Humphries, Adam",ten,jac,13.3,4700.0,Home
612,2,"Allen, Keenan",lac,kan,13.1,6900.0,Home
613,2,"Cooper, Amari",dal,atl,13.0,7000.0,Home
614,2,"Moore, David",sea,nwe,12.3,4600.0,Home
615,2,"Cooks, Brandin",hou,bal,12.0,5600.0,Home
616,2,"Harry, N'Keal",nwe, sea,11.2,5000.0,Away
617,2,"Thomas, Mike",cin, cle,11.1,4600.0,Away
618,2,"Davis, Corey",ten,jac,11.1,4900.0,Home
619,2,"Smith, Tre'Quan",nor, lvr,11.1,5000.0,Away
620,2,"Mooney, Darnell",chi,nyg,11.1,4600.0,Home
621,2,"Ford, Isaiah",mia,buf,11.1,4500.0,Home
622,2,"Hogan, Chris",nyj,sfo,10.5,4500.0,Home
623,2,"Kupp, Cooper",lar, phi,10.5,7200.0,Away
624,2,"Chark, D.J.",jac, ten,10.4,6700.0,Away
625,2,"Jones, Marvin",det, gnb,10.3,6400.0,Away
626,2,"Woods, Robert",lar, phi,10.3,6700.0,Away
627,2,"Byrd, Damiere",nwe, sea,10.2,4500.0,Away
628,2,"Beasley, Cole",buf, mia,9.5,5400.0,Away
629,2,"Jackson, DeSean",phi,lar,9.4,5500.0,Home
630,2,"Pascal, Zach",ind,min,9.4,5000.0,Home
631,2,"Hall, Marvin",det, gnb,8.9,4800.0,Away
632,2,"Bourne, Kendrick",sfo, nyj,8.7,5500.0,Away
633,2,"Shenault Jr., Laviska",jac, ten,8.7,4900.0,Away
634,2,"Swain, Freddie",sea,nwe,8.6,4500.0,Home
635,2,"Fitzgerald, Larry",ari,was,8.5,5200.0,Home
636,2,"Cobb, Randall",hou,bal,8.4,4900.0,Home
637,2,"Smith-Schuster, JuJu",pit,den,8.3,7100.0,Home
638,2,"Jeudy, Jerry",den, pit,8.2,5300.0,Away
639,2,"Sutton, Courtland",den, pit,8.1,6900.0,Away
640,2,"Jones, Zay",lvr,nor,8.0,4500.0,Home
641,2,"Guyton, Jalen",lac,kan,7.9,4500.0,Home
642,2,"Valdes-Scantling, Marquez",gnb,det,7.9,5100.0,Home
643,2,"Isabella, Andy",ari,was,7.7,4500.0,Home
644,2,"Hamler, KJ",den, pit,7.2,4600.0,Away
645,2,"Tate, Golden",nyg, chi,7.2,5500.0,Away
646,2,"Davis, Gabriel",buf, mia,7.1,4500.0,Away
647,2,"Kirk, Christian",ari,was,7.0,5700.0,Home
648,2,"Cephus, Quintez",det, gnb,6.9,4600.0,Away
649,2,"Conley, Chris",jac, ten,6.8,4900.0,Away
650,2,"Gallup, Michael",dal,atl,6.8,6000.0,Home
651,2,"Brown, Marquise",bal, hou,6.7,6200.0,Away
652,2,"Jefferson, Van",lar, phi,6.4,4600.0,Away
653,2,"Hardman, Mecole",kan, lac,6.3,5000.0,Away
654,2,"Landry, Jarvis",cle,cin,6.1,6000.0,Home
655,2,"Reagor, Jalen",phi,lar,6.1,5100.0,Home
656,2,"Lazard, Allen",gnb,det,6.0,5600.0,Home
657,2,"Jefferson, Justin",min, ind,5.9,4700.0,Away
658,2,"Boykin, Miles",bal, hou,5.8,4700.0,Away
659,2,"Watson, Justin",tam,car,5.8,4500.0,Home
660,2,"Pittman Jr., Michael",ind,min,5.7,4600.0,Home
661,2,"McKenzie, Isaiah",buf, mia,5.7,4500.0,Away
662,2,"Renfrow, Hunter",lvr,nor,5.2,5100.0,Home
663,2,"Edwards, Bryan",lvr,nor,5.2,4900.0,Home
664,2,"Adams, Davante",gnb,det,5.1,8600.0,Home
665,2,"Williams, Preston",mia,buf,5.1,5400.0,Home
666,2,"Higgins, Tee",cin, cle,5.0,4600.0,Away
667,2,"Hodge, KhaDarel",cle,cin,4.9,4500.0,Home
668,2,"Samuel, Curtis",car, tam,4.9,5200.0,Away
669,2,"Harris, Deonte",nor, lvr,4.9,4700.0,Away
670,2,"Malone, Josh",nyj,sfo,4.8,4500.0,Home
671,2,"Sims Jr., Steven",was, ari,4.8,5100.0,Away
672,2,"Slayton, Darius",nyg, chi,4.8,5300.0,Away
673,2,"Robinson, Allen",chi,nyg,4.8,7000.0,Home
674,2,"Batson, Cameron",ten,jac,4.7,4500.0,Home
675,2,"Board, C.J.",nyg, chi,4.7,4500.0,Away
676,2,"Thielen, Adam",min, ind,4.6,7300.0,Away
677,2,"Shepard, Sterling",nyg, chi,4.5,5600.0,Away
678,2,"Green, A.J.",cin, cle,4.4,6000.0,Away
679,2,"Patterson, Cordarrelle",chi,nyg,4.3,5000.0,Home
680,2,"Robinson, Demarcus",kan, lac,4.3,4700.0,Away
681,2,"Hilton, T.Y.",ind,min,4.3,6300.0,Home
682,2,"Reynolds, Josh",lar, phi,4.3,4800.0,Away
683,2,"Snead, Willie",bal, hou,3.9,5100.0,Away
684,2,"Brown, Noah",dal,atl,3.8,4500.0,Home
685,2,"Washington, James",pit,den,3.7,4900.0,Home
686,2,"Jones, Julio",atl, dal,3.4,8200.0,Away
687,2,"Patrick, Tim",den, pit,3.4,4600.0,Away
688,2,"Aiyuk, Brandon",sfo, nyj,3.1,4900.0,Away
689,2,"Amendola, Danny",det, gnb,3.1,5200.0,Away
690,2,"Johnson, Olabisi",min, ind,2.9,4900.0,Away
691,2,"Wims, Javon",chi,nyg,2.7,4700.0,Home
692,2,"Inman, Dontrelle",was, ari,2.7,4600.0,Away
693,2,"Stills, Kenny",hou,bal,2.6,4600.0,Home
694,2,"Agholor, Nelson",lvr,nor,2.4,4900.0,Home
695,2,"Duvernay, Devin",bal, hou,2.4,4500.0,Away
696,2,"Williams, Mike",lac,kan,2.4,5800.0,Home
697,2,"Sanders, Emmanuel",nor, lvr,2.3,5700.0,Away
698,2,"Miller, Scott",tam,car,2.2,5200.0,Home
699,2,"Perriman, Breshad",nyj,sfo,2.2,5200.0,Home
700,2,"Taylor, Trent",sfo, nyj,2.0,4500.0,Away
701,2,"Watkins, Sammy",kan, lac,1.6,5900.0,Away
702,2,"Zaccheaus, Olamide",atl, dal,1.5,4500.0,Away
703,2,"Meyers, Jakobi",nwe, sea,1.2,4500.0,Away
704,2,"Dulin, Ashton",ind,min,1.1,4500.0,Home
705,2,"Hamilton, DaeSean",den, pit,1.0,4700.0,Away
706,2,"Ward, Greg",phi,lar,1.0,4900.0,Home
707,2,"Ruggs III, Henry",lvr,nor,0.9,5500.0,Home
708,2,"Gandy-Golden, Antonio",was, ari,0.8,4600.0,Away
709,2,"Reed, Joe",lac,kan,0.8,4500.0,Home
710,2,"Campbell, Parris",ind,min,0.7,5300.0,Home
711,2,"Grant, Jakeem",mia,buf,0.7,4500.0,Home
712,2,"Bowden, Lynn",mia,buf,0.4,4500.0,Home
713,2,"Coutee, Keke",hou,bal,0.1,4500.0,Home
714,2,"Kemp, Marcus",kan, lac,0.0,4500.0,Away
715,2,"Sharpe, Tajae",min, ind,0.0,4500.0,Away
716,2,"Hollins, Mack",mia,buf,0.0,4500.0,Home
717,2,"Pringle, Byron",kan, lac,0.0,4500.0,Away
718,2,"Roberts, Seth",car, tam,0.0,4500.0,Away
719,2,"Zylstra, Brandon",car, tam,0.0,4500.0,Away
720,2,"Fowler, Bennie",nor, lvr,0.0,4500.0,Away
721,2,"Powell, Brandon",atl, dal,0.0,4500.0,Away
722,2,"Erickson, Alex",cin, cle,0.0,4500.0,Away
723,2,"Ross, John",cin, cle,0.0,4800.0,Away
724,2,"Turner, Malik",dal,atl,0.0,4500.0,Home
725,2,"Hightower, John",phi,lar,0.0,4500.0,Home
726,2,"Sherfield, Trent",ari,was,0.0,4500.0,Home
727,2,"Osborn, K.J.",min, ind,0.0,4500.0,Away
728,2,"Proche, James",bal, hou,0.0,4500.0,Away
729,2,"Cooper, Pharoh",car, tam,0.0,4500.0,Away
730,2,"Wilson, Cedrick",dal,atl,0.0,4500.0,Home
731,2,"Natson, JoJo",cle,cin,0.0,4500.0,Home
732,2,"Fuller, Will",hou,bal,0.0,6100.0,Home
733,2,"Spencer, Diontae",den, pit,0.0,4500.0,Away
734,2,"Miller, Anthony",chi,nyg,0.0,5700.0,Home
735,2,"Higgins, Rashard",cle,cin,0.0,4500.0,Home
736,2,"Sanu, Mohamed",sfo, nyj,0.0,4500.0,Away
737,2,"Roberts, Andre",buf, mia,0.0,4500.0,Away
738,2,"Sims, Cam",was, ari,0.0,4500.0,Away
739,2,"Blake, Christian",atl, dal,0.0,4500.0,Away
740,2,"Slater, Matthew",nwe, sea,0.0,4500.0,Away
741,2,"Carter, DeAndre",hou,bal,0.0,4500.0,Home
742,2,"Raymond, Kalif",ten,jac,0.0,4600.0,Home
743,2,"Arcega-Whiteside, JJ",phi,lar,0.0,5000.0,Home
744,2,"Ratley, Damion",nyg, chi,0.0,4500.0,Away
745,2,"Webster, Nsimba",lar, phi,0.0,4500.0,Away
746,2,"Johnson, Collin",jac, ten,0.0,4500.0,Away
747,2,"Pettis, Dante",sfo, nyj,0.0,4600.0,Away
748,2,"Higbee, Tyler",lar, phi,25.9,5800.0,Away
749,2,"Gesicki, Mike",mia,buf,23.0,5200.0,Home
750,2,"Smith, Jonnu",ten,jac,22.4,4900.0,Home
751,2,"Waller, Darren",lvr,nor,22.3,6800.0,Home
752,2,"Reed, Jordan",sfo, nyj,20.5,4800.0,Away
753,2,"Kelce, Travis",kan, lac,19.5,7800.0,Away
754,2,"Schultz, Dalton",dal,atl,17.3,4000.0,Home
755,2,"Fant, Noah",den, pit,15.7,5300.0,Away
756,2,"Hurst, Hayden",atl, dal,15.7,5700.0,Away
757,2,"Alie-Cox, Mo",ind,min,13.6,4000.0,Home
758,2,"Uzomah, C.J.",cin, cle,12.2,4700.0,Away
759,2,"Henry, Hunter",lac,kan,11.3,6100.0,Home
760,2,"Eifert, Tyler",jac, ten,11.1,4600.0,Away
761,2,"Tonyan, Robert",gnb,det,9.5,4300.0,Home
762,2,"Engram, Evan",nyg, chi,9.5,6000.0,Away
763,2,"Fells, Darren",hou,bal,9.3,4300.0,Home
764,2,"Akins, Jordan",hou,bal,9.0,4600.0,Home
765,2,"Cook, Jared",nor, lvr,8.3,6200.0,Away
766,2,"Hockenson, T.J.",det, gnb,8.2,5600.0,Away
767,2,"Sample, Drew",cin, cle,8.0,4300.0,Away
768,2,"Ertz, Zach",phi,lar,6.7,6300.0,Home
769,2,"Firkser, Anthony",ten,jac,6.5,4100.0,Home
770,2,"O'Shaughnessy, James",jac, ten,6.0,4000.0,Away
771,2,"Ebron, Eric",pit,den,5.8,4900.0,Home
772,2,"Goedert, Dallas",phi,lar,5.0,5500.0,Home
773,2,"Thomas, Logan",was, ari,4.6,4700.0,Away
774,2,"Bell, Blake",dal,atl,4.4,4000.0,Home
775,2,"Moreau, Foster",lvr,nor,3.6,4000.0,Home
776,2,"Arnold, Dan",ari,was,3.6,4400.0,Home
777,2,"Andrews, Mark",bal, hou,3.4,7500.0,Away
778,2,"Hooper, Austin",cle,cin,3.2,5500.0,Home
779,2,"Izzo, Ryan",nwe, sea,2.9,4300.0,Away
780,2,"Graham, Jimmy",chi,nyg,2.3,5500.0,Home
781,2,"Knox, Dawson",buf, mia,2.3,4700.0,Away
782,2,"Trautman, Adam",nor, lvr,2.2,4000.0,Away
783,2,"Hill, Josh",nor, lvr,2.1,4200.0,Away
784,2,"Bryant, Harrison",cle,cin,1.9,4000.0,Home
785,2,"Kmet, Cole",chi,nyg,1.7,4100.0,Home
786,2,"Howard, O.J.",tam,car,1.6,4800.0,Home
787,2,"Boyle, Nick",bal, hou,1.6,4400.0,Away
788,2,"Dissly, Will",sea,nwe,1.4,4700.0,Home
789,2,"Manhertz, Chris",car, tam,1.3,4000.0,Away
790,2,"Herndon, Chris",nyj,sfo,1.0,5100.0,Home
791,2,"Dwelley, Ross",sfo, nyj,1.0,4400.0,Away
792,2,"Lewis, Marcedes",gnb,det,0.9,4200.0,Home
793,2,"Shaheen, Adam",mia,buf,0.9,4000.0,Home
794,2,"Smith, Kaden",nyg, chi,0.9,4100.0,Away
795,2,"Hill, Taysom",nor, lvr,0.8,5000.0,Away
796,2,"Smith Jr., Irv",min, ind,0.8,4600.0,Away
797,2,"McDonald, Vance",pit,den,0.8,4500.0,Home
798,2,"Witten, Jason",lvr,nor,0.8,4200.0,Home
799,2,"Baugh, Marcus",was, ari,0.7,4000.0,Away
800,2,"Hudson, Tanner",tam,car,0.0,4000.0,Home
801,2,"Sprinkle, Jeremy",was, ari,0.0,4000.0,Away
802,2,"Everett, Gerald",lar, phi,0.0,4300.0,Away
803,2,"Rodgers, Richard",phi,lar,0.0,4000.0,Home
804,2,"Butt, Jake",den, pit,0.0,4000.0,Away
805,2,"Rudolph, Kyle",min, ind,0.0,5000.0,Away
806,2,"Graham, Jaeden",atl, dal,0.0,4000.0,Away
807,2,"James, Jesse",det, gnb,0.0,4100.0,Away
808,2,"Beck, Andrew",den, pit,0.0,4000.0,Away
809,2,"Carter, Cethan",cin, cle,0.0,4000.0,Away
810,2,"Olsen, Greg",sea,nwe,0.0,5000.0,Home
811,2,"Thomas, Ian",car, tam,0.0,5000.0,Away
812,2,"Carrier, Derek",lvr,nor,0.0,4000.0,Home
813,2,"Harris, Demetrius",chi,nyg,0.0,4000.0,Home
814,2,"Mundt, Johnny",lar, phi,0.0,4000.0,Away
815,2,"Green, Virgil",lac,kan,0.0,4100.0,Home
816,2,"Holtz, J.P.",chi,nyg,0.0,4000.0,Home
817,2,"Thomas, Jordan",ari,was,0.0,4000.0,Home
818,2,"Willson, Luke",sea,nwe,0.0,4100.0,Home
819,2,"Asiasi, Devin",nwe, sea,0.0,4100.0,Away
820,2,"Griffin, Ryan",nyj,sfo,0.0,4100.0,Home
821,2,"Pruitt, MyCole",ten,jac,0.0,4000.0,Home
822,2,"Kroft, Tyler",buf, mia,0.0,4000.0,Away
823,2,"Daniels, Darrell",ari,was,0.0,4000.0,Home
824,2,"Anderson, Stephen",lac,kan,0.0,4000.0,Home
825,2,"Toilolo, Levine",nyg, chi,0.0,4000.0,Away
826,2,"Vannett, Nick",den, pit,0.0,4000.0,Away
827,2,"Stocker, Luke",atl, dal,0.0,4000.0,Away
828,2,"Gronkowski, Rob",tam,car,0.0,5400.0,Home
829,2,"Brown, Daniel",nyj,sfo,0.0,4000.0,Home
830,2,"Carlson, Stephen",cle,cin,0.0,4000.0,Home
831,2,"Sternberger, Jace",gnb,det,0.0,4100.0,Home
832,2,"Hollister, Jacob",sea,nwe,0.0,4000.0,Home
833,2,"Smythe, Durham",mia,buf,0.0,4000.0,Home
834,2,"Conklin, Tyler",min, ind,0.0,4000.0,Away
835,2,"Brate, Cameron",tam,car,0.0,4200.0,Home
836,2,"Wesco, Trevon",nyj,sfo,0.0,4000.0,Home
837,2,Baltimore,bal, hou,15.0,4700.0,Away
838,2,Indianapolis,ind,min,15.0,3600.0,Home
839,2,Tampa Bay,tam,car,14.0,3800.0,Home
840,2,Pittsburgh,pit,den,13.0,4600.0,Home
841,2,Chicago,chi,nyg,12.0,4000.0,Home
842,2,Green Bay,gnb,det,12.0,3900.0,Home
843,2,Arizona,ari,was,9.0,3600.0,Home
844,2,New York G,nyg, chi,9.0,3500.0,Away
845,2,LA Rams,lar, phi,7.0,4500.0,Away
846,2,New England,nwe, sea,6.0,4600.0,Away
847,2,Denver,den, pit,5.0,4100.0,Away
848,2,Kansas City,kan, lac,5.0,4300.0,Away
849,2,San Francisco,sfo, nyj,5.0,5000.0,Away
850,2,Tennessee,ten,jac,5.0,4200.0,Home
851,2,New Orleans,nor, lvr,4.0,4400.0,Away
852,2,New York J,nyj,sfo,4.0,3500.0,Home
853,2,Houston,hou,bal,4.0,3000.0,Home
854,2,Cleveland,cle,cin,4.0,3900.0,Home
855,2,Washington,was, ari,4.0,3900.0,Away
856,2,Minnesota,min, ind,4.0,4100.0,Away
857,2,Carolina,car, tam,3.0,3400.0,Away
858,2,Atlanta,atl, dal,3.0,3300.0,Away
859,2,Seattle,sea,nwe,3.0,3800.0,Home
860,2,LA Chargers,lac,kan,3.0,3200.0,Home
861,2,Buffalo,buf, mia,2.0,4900.0,Away
862,2,Las Vegas,lvr,nor,2.0,3300.0,Home
863,2,Miami,mia,buf,2.0,3600.0,Home
864,2,Philadelphia,phi,lar,1.0,4000.0,Home
865,2,Jacksonville,jac, ten,0.0,3700.0,Away
866,2,Cincinnati,cin, cle,-2.0,3500.0,Away
867,2,Detroit,det, gnb,-3.0,3400.0,Away
868,2,Dallas,dal,atl,-3.0,3700.0,Home
869,3,"Mahomes II, Patrick",kan, bal,40.0,9000.0,Away
870,3,"Wilson, Russell",sea,dal,36.8,8700.0,Home
871,3,"Allen, Josh",buf,lar,32.24,8100.0,Home
872,3,"Prescott, Dak",dal, sea,29.48,8500.0,Away
873,3,"Goff, Jared",lar, buf,28.24,7200.0,Away
874,3,"Murray, Kyler",ari,det,24.7,8400.0,Home
875,3,"Fitzpatrick, Ryan",mia, jac,24.7,7000.0,Away
876,3,"Rodgers, Aaron",gnb, nor,24.52,7900.0,Away
877,3,"Brady, Tom",tam, den,23.88,7300.0,Away
878,3,"Brees, Drew",nor,gnb,23.52,8000.0,Home
879,3,"Wentz, Carson",phi,cin,23.5,7600.0,Home
880,3,"Cousins, Kirk",min,ten,21.44,7100.0,Home
881,3,"Burrow, Joe",cin, phi,20.38,7400.0,Away
882,3,"Roethlisberger, Ben",pit,hou,19.18,7500.0,Home
883,3,"Stafford, Matthew",det, ari,18.5,7300.0,Away
884,3,"Foles, Nick",chi, atl,18.22,6300.0,Away
885,3,"Watson, Deshaun",hou, pit,18.06,8000.0,Away
886,3,"Mullens, Nick",sfo, nyg,17.72,6500.0,Away
887,3,"Herbert, Justin",lac,car,15.7,7200.0,Home
888,3,"Carr, Derek",lvr, nwe,15.44,6800.0,Away
889,3,"Bridgewater, Teddy",car, lac,14.6,6700.0,Away
890,3,"Mayfield, Baker",cle,was,14.34,7100.0,Home
891,3,"Jackson, Lamar",bal,kan,14.18,9400.0,Home
892,3,"Tannehill, Ryan",ten, min,13.24,7400.0,Away
893,3,"Rivers, Philip",ind,nyj,12.68,7000.0,Home
894,3,"Trubisky, Mitchell",chi, atl,12.62,7500.0,Away
895,3,"Ryan, Matt",atl,chi,12.42,7800.0,Home
896,3,"Newton, Cam",nwe,lvr,12.18,7700.0,Home
897,3,"Haskins, Dwayne",was, cle,12.16,6600.0,Away
898,3,"Driskel, Jeff",den,tam,11.44,6500.0,Home
899,3,"Minshew, Gardner",jac,mia,10.2,7700.0,Home
900,3,"Darnold, Sam",nyj, ind,9.72,6600.0,Away
901,3,"Jones, Daniel",nyg,sfo,9.06,6900.0,Home
902,3,"Rypien, Brett",den,tam,1.12,6000.0,Home
903,3,"Hurts, Jalen",phi,cin,0.8,6000.0,Home
904,3,"Brissett, Jacoby",ind,nyj,0.68,6000.0,Home
905,3,"Streveler, Chris",ari,det,0.0,6000.0,Home
906,3,"Finley, Ryan",cin, phi,0.0,6000.0,Away
907,3,"Kamara, Alvin",nor,gnb,38.2,8600.0,Home
908,3,"Burkhead, Rex",nwe,lvr,31.3,4800.0,Home
909,3,"Robinson, James",jac,mia,27.9,6400.0,Home
910,3,"Henry, Derrick",ten, min,26.0,8200.0,Away
911,3,"Ekeler, Austin",lac,car,25.8,7500.0,Home
912,3,"Cook, Dalvin",min,ten,24.9,8600.0,Home
913,3,"Chubb, Nick",cle,was,23.5,7800.0,Home
914,3,"Conner, James",pit,hou,22.9,7100.0,Home
915,3,"Wilson Jr., Jeff",sfo, nyg,20.4,5200.0,Away
916,3,"Davis, Mike",car, lac,19.1,6000.0,Away
917,3,"Henderson, Darrell",lar, buf,18.5,5800.0,Away
918,3,"Edwards-Helaire, Clyde",kan, bal,15.9,7600.0,Away
919,3,"Jones, Aaron",gnb, nor,15.6,8200.0,Away
920,3,"McKinnon, Jerick",sfo, nyg,15.2,5700.0,Away
921,3,"Michel, Sony",nwe,lvr,15.0,5700.0,Home
922,3,"Elliott, Ezekiel",dal, sea,14.8,9000.0,Away
923,3,"Gurley, Todd",atl,chi,14.7,6600.0,Home
924,3,"Hill, Brian",atl,chi,14.5,4600.0,Home
925,3,"Singletary, Devin",buf,lar,14.1,5900.0,Home
926,3,"Hunt, Kareem",cle,was,13.4,6200.0,Home
927,3,"Sanders, Miles",phi,cin,12.7,7400.0,Home
928,3,"Taylor, Jonathan",ind,nyj,12.7,6700.0,Home
929,3,"Gaskin, Myles",mia, jac,12.0,5600.0,Away
930,3,"Johnson, David",hou, pit,11.6,6900.0,Away
931,3,"Gibson, Antonio",was, cle,11.5,5500.0,Away
932,3,"Carson, Chris",sea,dal,9.1,7700.0,Home
933,3,"Peterson, Adrian",det, ari,9.0,5100.0,Away
934,3,"Drake, Kenyan",ari,det,8.4,6500.0,Home
935,3,"Jones, Ronald",tam, den,8.3,5600.0,Away
936,3,"Hines, Nyheim",ind,nyj,8.1,5300.0,Home
937,3,"Jacobs, Josh",lvr, nwe,7.8,8300.0,Away
938,3,"Ballage, Kalen",nyj, ind,7.7,4500.0,Away
939,3,"Mixon, Joe",cin, phi,7.5,7000.0,Away
940,3,"Bernard, Giovani",cin, phi,7.0,4800.0,Away
941,3,"Murray, Latavius",nor,gnb,7.0,5500.0,Home
942,3,"Sherman, Anthony",kan, bal,7.0,4500.0,Away
943,3,"Gore, Frank",nyj, ind,6.7,5400.0,Away
944,3,"McKissic, J.D.",was, cle,6.7,4800.0,Away
945,3,"Dobbins, J.K.",bal,kan,6.4,5700.0,Home
946,3,"Montgomery, David",chi, atl,6.4,6100.0,Away
947,3,"Thompson, Chris",jac,mia,6.3,5300.0,Home
948,3,"Howard, Jordan",mia, jac,6.1,5400.0,Away
949,3,"Gordon, Melvin",den,tam,5.8,6500.0,Home
950,3,"Cohen, Tarik",chi, atl,5.6,5000.0,Away
951,3,"McFarland, Anthony",pit,hou,5.4,4500.0,Home
952,3,"Wilkins, Jordan",ind,nyj,5.0,4600.0,Home
953,3,"Freeman, Royce",den,tam,4.5,4700.0,Home
954,3,"Edmonds, Chase",ari,det,4.4,5000.0,Home
955,3,"Taylor, J.J.",nwe,lvr,4.3,4600.0,Home
956,3,"Kelley, Joshua",lac,car,4.2,5900.0,Home
957,3,"Edwards, Gus",bal,kan,3.9,4700.0,Home
958,3,"Richard, Jalen",lvr, nwe,3.7,4500.0,Away
959,3,"Johnson, Kerryon",det, ari,3.5,5200.0,Away
960,3,"McCoy, LeSean",tam, den,3.4,4700.0,Away
961,3,"Perine, La'Mical",nyj, ind,3.3,4700.0,Away
962,3,"Fournette, Leonard",tam, den,3.2,6400.0,Away
963,3,"Booker, Devontae",lvr, nwe,3.1,4900.0,Away
964,3,"Ingram, Mark",bal,kan,3.0,6300.0,Home
965,3,"Hyde, Carlos",sea,dal,2.8,5500.0,Home
966,3,"Mattison, Alexander",min,ten,2.7,4700.0,Home
967,3,"Swift, D'Andre",det, ari,2.4,5300.0,Away
968,3,"Gallman, Wayne",nyg,sfo,2.4,5400.0,Home
969,3,"Ervin, Tyler",gnb, nor,2.3,4500.0,Away
970,3,"Hasty, JaMycal",sfo, nyg,2.3,4500.0,Away
971,3,"Williams, Jamaal",gnb, nor,2.2,5100.0,Away
972,3,"Brown, Malcolm",lar, buf,1.9,5600.0,Away
973,3,"Homer, Travis",sea,dal,1.9,4500.0,Home
974,3,"Janovich, Andy",cle,was,1.8,4500.0,Home
975,3,"Yeldon, T.J.",buf,lar,1.8,4500.0,Home
976,3,"Williams, Darrel",kan, bal,1.7,4800.0,Away
977,3,"Bonnafon, Reggie",car, lac,1.6,4500.0,Away
978,3,"Ham, C.J.",min,ten,1.6,4500.0,Home
979,3,"Ingold, Alec",lvr, nwe,1.6,4500.0,Away
980,3,"Lewis, Dion",nyg,sfo,1.5,5500.0,Home
981,3,"Juszczyk, Kyle",sfo, nyg,1.2,4500.0,Away
982,3,"Johnson, Jakob",nwe,lvr,1.1,4500.0,Home
983,3,"Gillaspia, Cullen",hou, pit,1.1,4500.0,Away
984,3,"Snell, Benny",pit,hou,1.1,4800.0,Home
985,3,"McNichols, Jeremy",ten, min,1.0,4500.0,Away
986,3,"Freeman, Devonta",nyg,sfo,1.0,5200.0,Home
987,3,"Evans, Darrynton",ten, min,0.9,4500.0,Away
988,3,"Smith, Keith",atl,chi,0.8,4500.0,Home
989,3,"Clement, Corey",phi,cin,0.8,4700.0,Home
990,3,"Barber, Peyton",was, cle,0.6,5100.0,Away
991,3,"Scott, Boston",phi,cin,0.5,4900.0,Home
992,3,"Breida, Matt",mia, jac,0.4,5000.0,Away
993,3,"Samuels, Jaylen",pit,hou,0.1,4500.0,Home
994,3,"Prosise, C.J.",hou, pit,0.1,4500.0,Away
995,3,"Boone, Mike",min,ten,0.0,4500.0,Home
996,3,"Washington, Dwayne",nor,gnb,0.0,4500.0,Home
997,3,"Burton, Michael",nor,gnb,0.0,4500.0,Home
998,3,"Bellore, Nick",sea,dal,0.0,4500.0,Home
999,3,"Miller, Bruce",jac,mia,0.0,4500.0,Home
1000,3,"Pollard, Tony",dal, sea,0.0,4800.0,Away
1001,3,"Blasingame, Khari",ten, min,0.0,4500.0,Away
1002,3,"Smith, Ito",atl,chi,0.0,4500.0,Home
1003,3,"Nall, Ryan",chi, atl,0.0,4500.0,Away
1004,3,"Dillon, AJ",gnb, nor,0.0,4500.0,Away
1005,3,"Cox, Chandler",mia, jac,0.0,4500.0,Away
1006,3,"Penny, Elijhaa",nyg,sfo,0.0,4600.0,Home
1007,3,"Abdullah, Ameer",min,ten,0.0,4500.0,Home
1008,3,"Barner, Kenjon",tam, den,0.0,4500.0,Away
1009,3,"Laird, Patrick",mia, jac,0.0,4700.0,Away
1010,3,"Johnson, D'Ernest",cle,was,0.0,4500.0,Home
1011,3,"Howell, Buddy",hou, pit,0.0,4500.0,Away
1012,3,"Ollison, Qadree",atl,chi,0.0,4500.0,Home
1013,3,"Watt, Derek",pit,hou,0.0,4500.0,Home
1014,3,"Ogunbowale, Dare",jac,mia,0.0,4600.0,Home
1015,3,"Armah, Alex",car, lac,0.0,4700.0,Away
1016,3,"Gilliam, Reggie",buf,lar,0.0,4500.0,Home
1017,3,"Jones, Taiwan",buf,lar,0.0,4500.0,Home
1018,3,"Perine, Samaje",cin, phi,0.0,4500.0,Away
1019,3,"Ricard, Patrick",bal,kan,0.0,4500.0,Home
1020,3,"Calais, Raymond",lar, buf,0.0,4500.0,Away
1021,3,"Thompson, Darwin",kan, bal,-0.9,4500.0,Away
1022,3,"Lockett, Tyler",sea,dal,32.5,6800.0,Home
1023,3,"Jefferson, Justin",min,ten,27.0,4900.0,Home
1024,3,"Wilson, Cedrick",dal, sea,25.2,4500.0,Away
1025,3,"Allen, Keenan",lac,car,23.7,7100.0,Home
1026,3,"Lazard, Allen",gnb, nor,23.4,5600.0,Away
1027,3,"Robinson, Allen",chi, atl,23.3,6900.0,Away
1028,3,"Gallup, Michael",dal, sea,22.8,5700.0,Away
1029,3,"Kupp, Cooper",lar, buf,21.2,7100.0,Away
1030,3,"Woods, Robert",lar, buf,18.9,6600.0,Away
1031,3,"Hopkins, DeAndre",ari,det,18.7,8500.0,Home
1032,3,"Hill, Tyreek",kan, bal,18.7,8100.0,Away
1033,3,"Aiyuk, Brandon",sfo, nyg,18.6,4800.0,Away
1034,3,"Higgins, Tee",cin, phi,18.5,4700.0,Away
1035,3,"Isabella, Andy",ari,det,18.1,4500.0,Home
1036,3,"Boyd, Tyler",cin, phi,17.5,5800.0,Away
1037,3,"Cobb, Randall",hou, pit,17.5,5200.0,Away
1038,3,"Renfrow, Hunter",lvr, nwe,17.4,5100.0,Away
1039,3,"Inman, Dontrelle",was, cle,17.3,4700.0,Away
1040,3,"Metcalf, D.K.",sea,dal,17.0,6500.0,Home
1041,3,"Ward, Greg",phi,cin,16.6,4700.0,Home
1042,3,"Hardman, Mecole",kan, bal,16.1,5200.0,Away
1043,3,"Godwin, Chris",tam, den,14.9,7900.0,Away
1044,3,"Golladay, Kenny",det, ari,14.7,7500.0,Away
1045,3,"Berrios, Braxton",nyj, ind,14.4,5100.0,Away
1046,3,"Smith-Schuster, JuJu",pit,hou,14.3,7000.0,Home
1047,3,"Ridley, Calvin",atl,chi,14.2,8000.0,Home
1048,3,"Sanders, Emmanuel",nor,gnb,13.6,6400.0,Home
1049,3,"Fuller, Will",hou, pit,13.4,6000.0,Away
1050,3,"Evans, Mike",tam, den,13.2,7700.0,Away
1051,3,"Cooper, Amari",dal, sea,13.1,7000.0,Away
1052,3,"Beasley, Cole",buf,lar,13.0,5300.0,Home
1053,3,"Raymond, Kalif",ten, min,13.0,4600.0,Away
1054,3,"Diggs, Stefon",buf,lar,12.9,6900.0,Home
1055,3,"Patrick, Tim",den,tam,12.3,4600.0,Home
1056,3,"Miller, Anthony",chi, atl,12.0,5500.0,Away
1057,3,"Thielen, Adam",min,ten,10.8,7200.0,Home
1058,3,"McLaurin, Terry",was, cle,10.6,6700.0,Away
1059,3,"Davis, Gabriel",buf,lar,10.1,4600.0,Home
1060,3,"Miller, Scott",tam, den,9.8,5000.0,Away
1061,3,"Watkins, Sammy",kan, bal,9.7,5700.0,Away
1062,3,"Davis, Corey",ten, min,9.4,5300.0,Away
1063,3,"Parker, DeVante",mia, jac,9.4,6600.0,Away
1064,3,"Lamb, CeeDee",dal, sea,9.1,5600.0,Away
1065,3,"Bourne, Kendrick",sfo, nyg,8.3,5500.0,Away
1066,3,"Anderson, Robby",car, lac,8.0,6100.0,Away
1067,3,"Jeudy, Jerry",den,tam,8.0,5300.0,Home
1068,3,"Beckham Jr., Odell",cle,was,7.9,6800.0,Home
1069,3,"Duvernay, Devin",bal,kan,7.7,4500.0,Home
1070,3,"Williams, Preston",mia, jac,7.7,5600.0,Away
1071,3,"Moore, D.J.",car, lac,7.5,6700.0,Away
1072,3,"Samuel, Curtis",car, lac,7.2,5100.0,Away
1073,3,"Hilton, T.Y.",ind,nyj,6.7,6200.0,Home
1074,3,"Jones, Marvin",det, ari,6.6,6100.0,Away
1075,3,"Cole, Keelan",jac,mia,6.3,5800.0,Home
1076,3,"Smith, Tre'Quan",nor,gnb,6.2,5400.0,Home
1077,3,"Tate, Golden",nyg,sfo,6.1,5400.0,Home
1078,3,"Green, A.J.",cin, phi,6.1,5900.0,Away
1079,3,"Humphries, Adam",ten, min,6.1,4600.0,Away
1080,3,"Washington, James",pit,hou,6.1,4900.0,Home
1081,3,"Zaccheaus, Olamide",atl,chi,6.1,4500.0,Home
1082,3,"Reynolds, Josh",lar, buf,6.0,4600.0,Away
1083,3,"Shenault Jr., Laviska",jac,mia,5.9,5300.0,Home
1084,3,"Edwards, Bryan",lvr, nwe,5.8,4900.0,Away
1085,3,"Landry, Jarvis",cle,was,5.6,5800.0,Home
1086,3,"Grant, Jakeem",mia, jac,5.3,4800.0,Away
1087,3,"Wright, Isaiah",was, cle,5.0,4500.0,Away
1088,3,"Stills, Kenny",hou, pit,5.0,4700.0,Away
1089,3,"Conley, Chris",jac,mia,4.9,5100.0,Home
1090,3,"Slayton, Darius",nyg,sfo,4.8,5500.0,Home
1091,3,"Jones, Zay",lvr, nwe,4.7,4500.0,Away
1092,3,"Harry, N'Keal",nwe,lvr,4.6,5300.0,Home
1093,3,"Cager, Lawrence",nyj, ind,4.5,4500.0,Away
1094,3,"Pascal, Zach",ind,nyj,4.4,5100.0,Home
1095,3,"Hamler, KJ",den,tam,4.3,4500.0,Home
1096,3,"Powell, Brandon",atl,chi,4.2,4500.0,Home
1097,3,"Byrd, Damiere",nwe,lvr,4.2,4500.0,Home
1098,3,"Agholor, Nelson",lvr, nwe,4.2,4800.0,Away
1099,3,"Pittman Jr., Michael",ind,nyj,4.1,5000.0,Home
1100,3,"Tate, Auden",cin, phi,3.9,4500.0,Away
1101,3,"Cooks, Brandin",hou, pit,3.8,5700.0,Away
1102,3,"Gage, Russell",atl,chi,3.6,5600.0,Home
1103,3,"Ginn Jr., Ted",chi, atl,3.4,4600.0,Away
1104,3,"Johnson, KeeSean",ari,det,3.4,4500.0,Home
1105,3,"Burnett, Deontay",phi,cin,3.4,4500.0,Home
1106,3,"Ratley, Damion",nyg,sfo,3.4,4500.0,Home
1107,3,"Guyton, Jalen",lac,car,3.3,4800.0,Home
1108,3,"Edelman, Julian",nwe,lvr,3.2,6500.0,Home
1109,3,"Hightower, John",phi,cin,2.9,4500.0,Home
1110,3,"Claypool, Chase",pit,hou,2.9,5000.0,Home
1111,3,"Mooney, Darnell",chi, atl,2.9,4800.0,Away
1112,3,"Roberts, Seth",car, lac,2.6,4500.0,Away
1113,3,"Taylor, Trent",sfo, nyg,2.5,4500.0,Away
1114,3,"Ford, Isaiah",mia, jac,2.4,4900.0,Away
1115,3,"Brown, Marquise",bal,kan,2.3,6100.0,Home
1116,3,"Amendola, Danny",det, ari,2.3,5200.0,Away
1117,3,"Gandy-Golden, Antonio",was, cle,2.2,4600.0,Away
1118,3,"Williams, Mike",lac,car,2.2,5700.0,Home
1119,3,"Jackson, DeSean",phi,cin,2.1,5500.0,Home
1120,3,"Hill, K.J.",lac,car,2.0,4500.0,Home
1121,3,"Thomas, Mike",cin, phi,1.9,4700.0,Away
1122,3,"Swain, Freddie",sea,dal,1.8,4500.0,Home
1123,3,"McKenzie, Isaiah",buf,lar,1.5,4500.0,Home
1124,3,"Harris, Deonte",nor,gnb,1.5,4700.0,Home
1125,3,"Board, C.J.",nyg,sfo,1.4,4500.0,Home
1126,3,"Brown, Noah",dal, sea,1.4,4500.0,Away
1127,3,"Sanu, Mohamed",sfo, nyg,1.4,4900.0,Away
1128,3,"Snead, Willie",bal,kan,1.4,5200.0,Home
1129,3,"Boykin, Miles",bal,kan,1.3,4700.0,Home
1130,3,"Patterson, Cordarrelle",chi, atl,1.3,4800.0,Away
1131,3,"Zuber, Isaiah",nwe,lvr,1.3,4500.0,Home
1132,3,"Spencer, Diontae",den,tam,1.2,4500.0,Home
1133,3,"Beebe, Chad",min,ten,1.2,4500.0,Home
1134,3,"Valdes-Scantling, Marquez",gnb, nor,1.0,5100.0,Away
1135,3,"Westbrook, Dede",jac,mia,0.9,4600.0,Home
1136,3,"Johnson, Diontae",pit,hou,0.9,6300.0,Home
1137,3,"Johnson, Collin",jac,mia,0.8,4700.0,Home
1138,3,"Moore, David",sea,dal,0.7,4600.0,Home
1139,3,"Fitzgerald, Larry",ari,det,0.5,5400.0,Home
1140,3,"Natson, JoJo",cle,was,0.3,4500.0,Home
1141,3,"Kemp, Marcus",kan, bal,0.0,4500.0,Away
1142,3,"Batson, Cameron",ten, min,0.0,4500.0,Away
1143,3,"Cleveland, Tyrie",den,tam,0.0,4500.0,Home
1144,3,"Hollins, Mack",mia, jac,0.0,4600.0,Away
1145,3,"Pringle, Byron",kan, bal,0.0,4500.0,Away
1146,3,"Hamilton, DaeSean",den,tam,0.0,4600.0,Home
1147,3,"Hogan, Chris",nyj, ind,0.0,5000.0,Away
1148,3,"Zylstra, Brandon",car, lac,0.0,4500.0,Away
1149,3,"Fowler, Bennie",nor,gnb,0.0,4500.0,Home
1150,3,"Erickson, Alex",cin, phi,0.0,4500.0,Away
1151,3,"Turner, Malik",dal, sea,0.0,4500.0,Away
1152,3,"Sherfield, Trent",ari,det,0.0,4500.0,Home
1153,3,"Proche, James",bal,kan,0.0,4500.0,Home
1154,3,"Malone, Josh",nyj, ind,0.0,4500.0,Away
1155,3,"Cooper, Pharoh",car, lac,0.0,4500.0,Away
1156,3,"Robinson, Demarcus",kan, bal,0.0,5000.0,Away
1157,3,"Reed, Joe",lac,car,0.0,4500.0,Home
1158,3,"Johnson, Olabisi",min,ten,0.0,4700.0,Home
1159,3,"Brown, John",buf,lar,0.0,6400.0,Home
1160,3,"Johnson, Tyler",tam, den,0.0,4500.0,Away
1161,3,"Sims Jr., Steven",was, cle,0.0,4900.0,Away
1162,3,"Wims, Javon",chi, atl,0.0,4600.0,Away
1163,3,"Hodge, KhaDarel",cle,was,0.0,4500.0,Home
1164,3,"Roberts, Andre",buf,lar,0.0,4500.0,Home
1165,3,"Sims, Cam",was, cle,0.0,4500.0,Away
1166,3,"Blake, Christian",atl,chi,0.0,4500.0,Home
1167,3,"Westbrook, Nick",ten, min,0.0,4500.0,Away
1168,3,"Slater, Matthew",nwe,lvr,0.0,4500.0,Home
1169,3,"Carter, DeAndre",hou, pit,0.0,4500.0,Away
1170,3,"Arcega-Whiteside, JJ",phi,cin,0.0,4700.0,Home
1171,3,"Holton, Johnny",nyg,sfo,0.0,4500.0,Home
1172,3,"Meyers, Jakobi",nwe,lvr,0.0,4500.0,Home
1173,3,"Dulin, Ashton",ind,nyj,0.0,4500.0,Home
1174,3,"Webster, Nsimba",lar, buf,0.0,4500.0,Away
1175,3,"Shepherd, Darrius",gnb, nor,0.0,4500.0,Away
1176,3,"Jefferson, Van",lar, buf,0.0,4700.0,Away
1177,3,"Pettis, Dante",sfo, nyg,0.0,4600.0,Away
1178,3,"Hall, Marvin",det, ari,0.0,4800.0,Away
1179,3,"Cephus, Quintez",det, ari,0.0,4900.0,Away
1180,3,"Graham, Jimmy",chi, atl,21.0,5100.0,Away
1181,3,"Kroft, Tyler",buf,lar,16.4,4000.0,Home
1182,3,"Ebron, Eric",pit,hou,13.7,4700.0,Home
1183,3,"Tonyan, Robert",gnb, nor,13.5,4600.0,Away
1184,3,"Alie-Cox, Mo",ind,nyj,12.5,5000.0,Home
1185,3,"Kelce, Travis",kan, bal,11.7,7800.0,Away
1186,3,"Ertz, Zach",phi,cin,10.5,6200.0,Home
1187,3,"James, Jesse",det, ari,10.3,4000.0,Away
1188,3,"Moreau, Foster",lvr, nwe,9.5,4000.0,Away
1189,3,"Smith, Jonnu",ten, min,8.6,5600.0,Away
1190,3,"Olsen, Greg",sea,dal,8.6,5100.0,Home
1191,3,"Hollister, Jacob",sea,dal,8.6,4000.0,Home
1192,3,"Lewis, Marcedes",gnb, nor,8.3,4100.0,Away
1193,3,"Rudolph, Kyle",min,ten,8.1,4500.0,Home
1194,3,"Gesicki, Mike",mia, jac,8.0,5500.0,Away
1195,3,"Gronkowski, Rob",tam, den,7.8,5000.0,Away
1196,3,"Henry, Hunter",lac,car,7.5,6000.0,Home
1197,3,"Hockenson, T.J.",det, ari,7.3,5400.0,Away
1198,3,"Fant, Noah",den,tam,7.1,5800.0,Home
1199,3,"Higbee, Tyler",lar, buf,7.0,6100.0,Away
1200,3,"Boyle, Nick",bal,kan,7.0,4400.0,Home
1201,3,"Dwelley, Ross",sfo, nyg,6.9,4200.0,Away
1202,3,"Schultz, Dalton",dal, sea,6.8,4900.0,Away
1203,3,"Bryant, Harrison",cle,was,6.8,4200.0,Home
1204,3,"Smith, Lee",buf,lar,6.6,4000.0,Home
1205,3,"Hurst, Hayden",atl,chi,6.6,5700.0,Home
1206,3,"Howard, O.J.",tam, den,6.4,4700.0,Away
1207,3,"Thomas, Logan",was, cle,5.1,4900.0,Away
1208,3,"Sternberger, Jace",gnb, nor,5.1,4200.0,Away
1209,3,"McDonald, Vance",pit,hou,5.0,4200.0,Home
1210,3,"Everett, Gerald",lar, buf,4.4,4400.0,Away
1211,3,"O'Shaughnessy, James",jac,mia,4.4,4000.0,Home
1212,3,"Hooper, Austin",cle,was,4.0,5300.0,Home
1213,3,"Akins, Jordan",hou, pit,3.8,5000.0,Away
1214,3,"Engram, Evan",nyg,sfo,3.7,5900.0,Home
1215,3,"Andrews, Mark",bal,kan,3.7,7300.0,Home
1216,3,"Herndon, Chris",nyj, ind,3.6,5000.0,Away
1217,3,"Daniels, Darrell",ari,det,3.4,4000.0,Home
1218,3,"Reed, Jordan",sfo, nyg,3.3,5300.0,Away
1219,3,"Cook, Jared",nor,gnb,3.1,6600.0,Home
1220,3,"Harris, Demetrius",chi, atl,3.0,4000.0,Away
1221,3,"Trautman, Adam",nor,gnb,2.7,4000.0,Home
1222,3,"Pruitt, MyCole",ten, min,2.6,4000.0,Away
1223,3,"Rodgers, Richard",phi,cin,2.5,4000.0,Home
1224,3,"Eifert, Tyler",jac,mia,2.1,4900.0,Home
1225,3,"Waller, Darren",lvr, nwe,1.9,6600.0,Away
1226,3,"Smith, Kaden",nyg,sfo,1.8,4100.0,Home
1227,3,"Arnold, Dan",ari,det,1.6,4300.0,Home
1228,3,"Dissly, Will",sea,dal,1.5,4800.0,Home
1229,3,"Thomas, Ian",car, lac,1.4,4600.0,Away
1230,3,"Goedert, Dallas",phi,cin,1.2,5200.0,Home
1231,3,"Smythe, Durham",mia, jac,1.2,4100.0,Away
1232,3,"Stocker, Luke",atl,chi,1.1,4000.0,Home
1233,3,"Butt, Jake",den,tam,1.0,4000.0,Home
1234,3,"Carter, Cethan",cin, phi,0.6,4000.0,Away
1235,3,"Sample, Drew",cin, phi,0.6,4800.0,Away
1236,3,"Hudson, Tanner",tam, den,0.0,4000.0,Away
1237,3,"Sprinkle, Jeremy",was, cle,0.0,4000.0,Away
1238,3,"Firkser, Anthony",ten, min,0.0,4100.0,Away
1239,3,"Doyle, Jack",ind,nyj,0.0,5200.0,Home
1240,3,"Manhertz, Chris",car, lac,0.0,4000.0,Away
1241,3,"Graham, Jaeden",atl,chi,0.0,4000.0,Home
1242,3,"Fells, Darren",hou, pit,0.0,4700.0,Away
1243,3,"Izzo, Ryan",nwe,lvr,0.0,4100.0,Home
1244,3,"Beck, Andrew",den,tam,0.0,4000.0,Home
1245,3,"Togiai, Noah",ind,nyj,0.0,4000.0,Home
1246,3,"Shaheen, Adam",mia, jac,0.0,4300.0,Away
1247,3,"Kmet, Cole",chi, atl,0.0,4100.0,Away
1248,3,"Brown, Pharaoh",hou, pit,0.0,4000.0,Away
1249,3,"Carrier, Derek",lvr, nwe,0.0,4000.0,Away
1250,3,"Mundt, Johnny",lar, buf,0.0,4000.0,Away
1251,3,"Green, Virgil",lac,car,0.0,4000.0,Home
1252,3,"Holtz, J.P.",chi, atl,0.0,4000.0,Away
1253,3,"Thomas, Jordan",ari,det,0.0,4000.0,Home
1254,3,"Smith Jr., Irv",min,ten,0.0,4600.0,Home
1255,3,"Asiasi, Devin",nwe,lvr,0.0,4000.0,Home
1256,3,"Griffin, Ryan",nyj, ind,0.0,4100.0,Away
1257,3,"Bell, Blake",dal, sea,0.0,4000.0,Away
1258,3,"Yelder, Deon",kan, bal,0.0,4000.0,Away
1259,3,"Anderson, Stephen",lac,car,0.0,4000.0,Home
1260,3,"Toilolo, Levine",nyg,sfo,0.0,4000.0,Home
1261,3,"Hill, Josh",nor,gnb,0.0,4200.0,Home
1262,3,"Brown, Daniel",nyj, ind,0.0,4000.0,Away
1263,3,"Carlson, Stephen",cle,was,0.0,4000.0,Home
1264,3,"Conklin, Tyler",min,ten,0.0,4000.0,Home
1265,3,"Witten, Jason",lvr, nwe,0.0,4300.0,Away
1266,3,"Brate, Cameron",tam, den,0.0,4000.0,Away
1267,3,"Wesco, Trevon",nyj, ind,0.0,4000.0,Away
1268,3,"Baugh, Marcus",was, cle,0.0,4000.0,Away
1269,3,"Hill, Taysom",nor,gnb,-0.8,5000.0,Home
1270,3,Indianapolis,ind,nyj,26.0,4800.0,Home
1271,3,Tampa Bay,tam, den,18.0,3800.0,Away
1272,3,New England,nwe,lvr,15.0,4900.0,Home
1273,3,Cleveland,cle,was,14.0,3900.0,Home
1274,3,San Francisco,sfo, nyg,12.0,4600.0,Away
1275,3,Miami,mia, jac,12.0,3400.0,Away
1276,3,Carolina,car, lac,11.0,3500.0,Away
1277,3,Seattle,sea,dal,11.0,4000.0,Home
1278,3,Philadelphia,phi,cin,8.0,4500.0,Home
1279,3,Cincinnati,cin, phi,7.0,3300.0,Away
1280,3,Detroit,det, ari,7.0,3000.0,Away
1281,3,Kansas City,kan, bal,7.0,3900.0,Away
1282,3,Pittsburgh,pit,hou,7.0,4700.0,Home
1283,3,Baltimore,bal,kan,7.0,4100.0,Home
1284,3,Tennessee,ten, min,7.0,4300.0,Away
1285,3,Buffalo,buf,lar,5.0,4400.0,Home
1286,3,Atlanta,atl,chi,5.0,3200.0,Home
1287,3,Denver,den,tam,4.0,3700.0,Home
1288,3,Chicago,chi, atl,4.0,4200.0,Away
1289,3,Arizona,ari,det,4.0,3700.0,Home
1290,3,LA Rams,lar, buf,4.0,4100.0,Away
1291,3,LA Chargers,lac,car,4.0,5000.0,Home
1292,3,Las Vegas,lvr, nwe,3.0,3400.0,Away
1293,3,Green Bay,gnb, nor,3.0,3700.0,Away
1294,3,Dallas,dal, sea,2.0,3500.0,Away
1295,3,Minnesota,min,ten,2.0,3500.0,Home
1296,3,Houston,hou, pit,1.0,3600.0,Away
1297,3,Washington,was, cle,1.0,3900.0,Away
1298,3,Jacksonville,jac,mia,0.0,3800.0,Home
1299,3,New York J,nyj, ind,0.0,3800.0,Away
1300,3,New York G,nyg,sfo,-2.0,3600.0,Home
1301,3,New Orleans,nor,gnb,-3.0,4300.0,Home
